class_ar,class_en,era_ar,author_ar,poet_id,sample_no,chunk_index_zero_based,words_per_sample,source_words,source_chunks,source_file,primary_poem_title,poem_titles,poem_count_in_sample,output_file_ar,output_file_en
الجاهلي_الأعشى,jahili_alaasha,الجاهلي,الأعشى,200,1,0,2000,19238,9,الجاهلي__الأعشى__200.txt,كفي بالذي تولينه لو تجنبا,كفي بالذي تولينه لو تجنبا | تصابيت ام بانت بعقلك زينب | باتت سعاد وامسي حبلها رابا | اوصلت صرم الحبل من | اصرمت حبلك من لمي | من ديار بالهضب القليب | احد بتيا هجرها وشتاتها,7,الجاهلي_الأعشى_01.txt,jahili_alaasha_01.txt
الجاهلي_الأعشى,jahili_alaasha,الجاهلي,الأعشى,200,2,8,2000,19238,9,الجاهلي__الأعشى__200.txt,الا قل لتيا قبل مرتها اسلمي,الا قل لتيا قبل مرتها اسلمي | بني عمنا لا تبعثوا الحرب بيننا | الم خيال من قتيله بعدما | عرفت اليوم من تيا مقاما | يطن الناس بالملي | اتهجر غانيه ام تلم | يا لقيس لما لقينا العاما | لعمرك ما طول هذا الزمن,8,الجاهلي_الأعشى_02.txt,jahili_alaasha_02.txt
الجاهلي_عنترة-بن-شداد,jahili_antrh-bn-shdad,الجاهلي,عنترة_بن_شداد,283,1,0,2000,16199,8,الجاهلي__عنترة_بن_شداد__283.txt,وللموت خير للفتي من حياته,وللموت خير للفتي من حياته | رمت الفواد مليحه عذراء | ما دمت مرتقيا الي العلياء | لين اك اسودا فالمسك لوني | كم يبعد الدهر من ارجو اقاربه | لا يحمل الحقد من تعلو به الرتب | الا ياعبل قد زاد التصابي | سلا القلب عما كان يهوي ويطلب | يذبب ورد علي اثره | كان السرايا بين قو وقاره | لا تذكري مهري وما اطعمته | حسناتي عند الزمان ذنوب | دعني اجد الي العلياء في الطلب | اعاتب دهرا لا يلين لعاتب | وغداه صبحن الجفار عوابسا | اذا قنع الفتي بذميم عيش | سكت فغر اعدايي السكوت | اشاقك من عبل الخيال المبهج | لمن الشموس عزيزه الاحداج,19,الجاهلي_عنترة-بن-شداد_01.txt,jahili_antrh-bn-shdad_01.txt
الجاهلي_عنترة-بن-شداد,jahili_antrh-bn-shdad,الجاهلي,عنترة_بن_شداد,283,2,7,2000,16199,8,الجاهلي__عنترة_بن_شداد__283.txt,احبك يا ظلوم فانت عندي,احبك يا ظلوم فانت عندي | يا ايها الملك الذي راحاته | اذا خصمي تقاضاني بدين | يا طاير البان قد هيجت اشجاني | لمن طلل بالرقمتين شجاني لمن طلل بالرقمتين شجاني | يا دار اين ترحل السكان | سلي يا عبله الجبلين عنا | الا يا غراب البين في الطيران | وكان لدي الهيجاء يحمي ذمارها | باسمر من رماح الخط لدن اري لي كل يوم مع زماني | طربت وهاجني برق اليماني | ذكرت صبابتي من بعد حين | يا عبل اين من المنيه مهربي | وان تك حربكم امست عوانا | قف بالديار وصح الي بيداها | سلوا عنا جهينه كيف باتت | لقينا يوم صهباء سريه,17,الجاهلي_عنترة-بن-شداد_02.txt,jahili_antrh-bn-shdad_02.txt
الجاهلي_لبيد-بن-ربيعة-العامري,jahili_lbyd-bn-rbyah-alaamry,الجاهلي,لبيد_بن_ربيعة_العامري,289,1,0,2000,10044,5,الجاهلي__لبيد_بن_ربيعة_العامري__289.txt,ولدت بنو حرثان فرخ محرق,ولدت بنو حرثان فرخ محرق | طافت اسيماء بالرحال فقد | اصبحت امشي بعد سلمي بن مالك | اري النفس لجت في رجاء مكذب | قض اللبانه لا ابا لك واذهب | طرب الفواد وليته لم يطرب | هل تعرف الدار بسفح الشرببه | فبتنا حيث امسينا قريبا | حمدت الله والله الحميد | قضي الامور وانجز الموعود | ما ان تعري المنون من احد | لن تفنيا خيرات ار | راح القطين بهجر بعدما ابتكروا | ولم تحم عبد الله لا در درها,14,الجاهلي_لبيد-بن-ربيعة-العامري_01.txt,jahili_lbyd-bn-rbyah-alaamry_01.txt
الجاهلي_لبيد-بن-ربيعة-العامري,jahili_lbyd-bn-rbyah-alaamry,الجاهلي,لبيد_بن_ربيعة_العامري,289,2,4,2000,10044,5,الجاهلي__لبيد_بن_ربيعة_العامري__289.txt,عفت الديار محلها فمقامها معلقه,عفت الديار محلها فمقامها معلقه | لهند باعلام الاغر رسوم | راتني قد شحبت وسل جسمي | سفها عذلت وقلت غير مليم | لما اتاني عن طفيل ورهطه | بكتنا ارضنا لما ظعنا | عفا الرسم ام لا بعد حول تجرما | لما دعاني عامر لاسبهم | الا ذهب المحافظ والمحامي | درس المنا بمتالع فابان | غشيت ديار الحي بالسبعان | لست بغافر لبني بغيض | انبيت ان ابا حني,13,الجاهلي_لبيد-بن-ربيعة-العامري_02.txt,jahili_lbyd-bn-rbyah-alaamry_02.txt
الجاهلي_بشرُ-بنُ-أَبي-خازِم,jahili_bshr-bn-a-by-khaz-m,الجاهلي,بشرُ_بنُ_أَبي_خازِم,423,1,0,2000,7347,3,الجاهلي__بشرُ_بنُ_أَبي_خازِم__423.txt,تغيرت المنازل بالكثيب,تغيرت المنازل بالكثيب | اسايله عميره عن ابيها | وافلت حاجب فوت العوالي | اطلال ميه بالتلاع فمثقب | واني لراج منك يا اوس نعمه | لله در بني الحداء من نفر | سايل هوازن عنا كيف شدتنا | اجد من ال فاطمه اجتنابا | عفت من سليمي رامه فكثيبها | تعناك نصب من اميمه منصب | تعني القلب من سلمي عناء | تغيرت المنازل من سليمي | امن ليلي وجارتها تروح | يا فارسا ما فاد اول فارس | فعفوت عنهم عفو غير مثرب | بان الخليط ولم يوفوا بما عهدوا,16,الجاهلي_بشرُ-بنُ-أَبي-خازِم_01.txt,jahili_bshr-bn-a-by-khaz-m_01.txt
الجاهلي_بشرُ-بنُ-أَبي-خازِم,jahili_bshr-bn-a-by-khaz-m,الجاهلي,بشرُ_بنُ_أَبي_خازِم,423,2,2,2000,7347,3,الجاهلي__بشرُ_بنُ_أَبي_خازِم__423.txt,عفا رسم برامه فالتلاع,عفا رسم برامه فالتلاع | هل انت علي اطلال ميه رابع | انت الذي تصنع ما لم يصنع | عليه الطير ما يدنون منه | ان الفواد بال كبشه مدنف | هل للحليم علي ما فات من اسف | كفي بالناي من اسماء كافي | الا يا عين ما فابكي سميرا | اي المنازل بعد الحي تعترف | انا وباهله بن يعصر بيننا | اهمت منك سلمي بانطلاق | الا هل اتاها كيف ناوا قومها | هل لعيش اذا مضي لزوال | انيه الغداه ام انتقال | لمن الديار غشيتها بالانعم | لقد دافعت علقمه بن عمرو | لو خفت هذا منك يوما لم انم | تناهيت عن ذكر الصبابه فاحكم,18,الجاهلي_بشرُ-بنُ-أَبي-خازِم_02.txt,jahili_bshr-bn-a-by-khaz-m_02.txt
الجاهلي_النابغة-الذبياني,jahili_alnabghh-aldhbyany,الجاهلي,النابغة_الذبياني,231,1,0,2000,6755,3,الجاهلي__النابغة_الذبياني__231.txt,كليني لهم يا اميمه ناصب,كليني لهم يا اميمه ناصب | اني كاني لدي النعمان خبره | اتاني ابيت اللعن انك لمتني | فان يك عامر قد قال جهلا | من يطلب الدهر تدركه مخالبه | ارسما جديدا من سعاد تجنب | كان قتودي والنسوع جري بها | حذاء مدبره سكاء مقبله | لعمري لنعم المرء من ال ضجعم | وما حاولتما بقياد خيل | كان الظعن حين طفون ظهرا | و استبق ودك للصديق ولا تكن | يقولون حصن ثم تابي نفوسهم | يا دار ميه بالعلياء فالسند معلقه | امن ال ميه رايح او مغتد | اهاجك من سعداك مغني المعاهد | ابقيت للعبسي فضلا ونعمه | يا عام لم اعرفك تنكر سنه | عوجوا فحيوا لنعم دمنه الدار,19,الجاهلي_النابغة-الذبياني_01.txt,jahili_alnabghh-aldhbyany_01.txt
الجاهلي_النابغة-الذبياني,jahili_alnabghh-aldhbyany,الجاهلي,النابغة_الذبياني,231,2,2,2000,6755,3,الجاهلي__النابغة_الذبياني__231.txt,عفا ذو حسا من فرتني فالفوارع,عفا ذو حسا من فرتني فالفوارع | ليهني بني ذبيان ان بلادهم | و ان يرجع النعمان نفرح ونبتهج | دعاك الهوي واستجهلتك المنازل | اهاجك من اسماء رسم المنازل | امن ظلامه الدمن البوالي | تخف الارض ان تفقدك يوما | حدثوني بني الشقيقه ما يم | ماذا رزينا به من حيه ذكر | بانت سعاد وامسي حبلها انجذما | قالت بنو عامر خالوا بني اسد | لا يبعد الله جيرانا تركتهم | جمع محاشك يا يزيد فانني | ابلغ بني ذبيان ان لا اخا لهم | الم اقسم عليك لتخبرني | اتاركه تدللها قطام | طلعوا عليك برايه معروفه,17,الجاهلي_النابغة-الذبياني_02.txt,jahili_alnabghh-aldhbyany_02.txt
الجاهلي_امرؤ-القيس,jahili_amrw-alqys,الجاهلي,امرؤ_القيس,235,1,0,2000,5846,2,الجاهلي__امرؤ_القيس__235.txt,قفا نبك من ذكري حبيب ومنزل معلقه,قفا نبك من ذكري حبيب ومنزل معلقه | الا عم صباحا ايها الطلل البالي | خليلي مر بي علي ام جندب | سما لك شوق بعدما كان اقصر,4,الجاهلي_امرؤ-القيس_01.txt,jahili_amrw-alqys_01.txt
الجاهلي_امرؤ-القيس,jahili_amrw-alqys,الجاهلي,امرؤ_القيس,235,2,1,2000,5846,2,الجاهلي__امرؤ_القيس__235.txt,سما لك شوق بعدما كان اقصر,سما لك شوق بعدما كان اقصر | اعني علي برق اراه وميض | غشيت ديار الحي بالبكرات | الا ان قوما كنتم امس دونهم | لمن طلل ابصرته فشجاني | قفا نبك من ذكري حبيب وعرفان | دع عنك نهبا صيح فيحجراته | ارانا موضعين لامر غيب | اماوي هل لي عندكم من معرس | الما علي الربع القديم بعسعسا | لعمرك ما قلبي الي اهله بحر | لمن الديار غشيتها بسحام | يا دار ماويه بالحايل,13,الجاهلي_امرؤ-القيس_02.txt,jahili_amrw-alqys_02.txt
الجاهلي_أبو-طالب,jahili_abw-talb,الجاهلي,أبو_طالب,163,1,0,2000,5575,2,الجاهلي__أبو_طالب__163.txt,تطاول ليلي بهم وصب,تطاول ليلي بهم وصب | ايا اخوينا عبد شمس ونوفلا | الا ليت شعري كيف في الناي جعفر | انت الرسول رسول الله نعلمه | بكيت اخا لاواء يحمد يومه | وما كنت اخشي ان يري الذل فيكمو | ان عليا وجعفرا ثقتي | يقولون لي دع نصر من جاء بالهدي | يا رب اما تخرجن طالبي | الا من لهم اخر الليل منصب | الا ابلغا عني علي ذات بيننا | اسبلت عبره علي الوجنات | لا يمنعنك من حق تقوم به | اعلم ابا اروي بانك ماجد | الا هل اتي بحرينا صنع ربنا | انت النبي محمد | مليك الناس ليس له شريك | لقد اكرم الله النبي محمدا | فما رجعوا حتي راوا من محمد | ان الامين محمدا في قومه | بكي طربا لما راني محمد | عين ايذني ببكاء اخر الابد | يا شاهد الخلق علي فاشهد | وخالي هشام بن المغيره ثاقب | صبرا ابا يعلي علي دين احمد | اذا قيل من خير هذا الوري | ارقت ودمع العين في العين غاير | فقدنا عميد الحي فالركن خاشع | الا ليت حظي من حياطه نصركم | الا ان خير الناس حيا وميتا,30,الجاهلي_أبو-طالب_01.txt,jahili_abw-talb_01.txt
الجاهلي_أبو-طالب,jahili_abw-talb,الجاهلي,أبو_طالب,163,2,1,2000,5575,2,الجاهلي__أبو_طالب__163.txt,الا ان خير الناس حيا وميتا,الا ان خير الناس حيا وميتا | الا ابلغ قريشا حيث حلت | ان لنا اوله واخره | تقول ابنتي اين الرحيل | اوصي بنصر النبي الخير مشهده | الحمد لله الذي قد شرفا | منعنا ارضنا من كل حي | عجبت لحلم يا بن شيبه عازب | ابني طالب ان شيخك ناصح | افيقوا بني غالب وانتهوا | منعنا الرسول رسول المليك | ان الوثيقه في لزوم محمد | محمد تفد نفسك كل نفس | امن اجل حبل ذي رمام علوته | وعربه دار لا يحل حرامها | قل لمن كان من كنانه في العز | خليلي ما اذني لاول عاذل | حتي متي نحن علي فتره | الا ابلغا عني لويا رساله,19,الجاهلي_أبو-طالب_02.txt,jahili_abw-talb_02.txt
الجاهلي_أوس-بن-حجر,jahili_aws-bn-hjr,الجاهلي,أوس_بن_حجر,171,1,0,2000,5081,2,الجاهلي__أوس_بن_حجر__171.txt,صبوت وهل تصبو وراسك اشيب,صبوت وهل تصبو وراسك اشيب | حلت تماضر بعدنا رببا | الم تكسف الشمس والبدر وال | نبيت ان بني جديله اوعبوا | ودع لميس وداع الصارم اللاحي | لعمرك ما ملت ثواء ثويها | يا عين جودي علي عمرو بن مسعود | لا تامنوا اراءه وظنونه | فمندفع الغلان غلان منشد | وفدت امي وما قد ولدت | وما كان وقافا اذا الخيل احجمت | ابني لبيني لستم بيد | اتاني ابن عبد الله قرط اخصه | غني تاوي باولادها | الم خيال موهنا من تماضرا | خذلت علي ليله ساهره | لعمرك ما تدعو ربيعه باسمنا | عددت رجالا من قعين تفجسا | نحن بنو عمرو بن بكر بن وايل | وباللات والعزي ومن دان دينها | هل عاجل من متاع الحي منظور | سايل بها مولاك قيس بن عاصم | حسبتم ولد البرشاء قاطبه | نبيت ان دما حراما نلته | ايتها النفس اجملي جزعا | الم تر ان الله انزل مزنه,26,الجاهلي_أوس-بن-حجر_01.txt,jahili_aws-bn-hjr_01.txt
الجاهلي_أوس-بن-حجر,jahili_aws-bn-hjr,الجاهلي,أوس_بن_حجر,171,2,1,2000,5081,2,الجاهلي__أوس_بن_حجر__171.txt,الم تر ان الله انزل مزنه,الم تر ان الله انزل مزنه | ورثنا المجد عن اباء صدق | لعمرك ما اسي طفيل بن مالك | تنكر بعدي من اميمه صايف | طلس العشاء اذا ما جن ليلهم | اضرب بها الحاجات حتي كانها | اطعنا ربنا وعصاه قوم | زعمتم ان غولا والرجام لكم | صحا قلبه عن سكره فتاملا | اذا ناقه شدت برحل ونمرق | يا راكبا اما عرضت فبلغن | لليلي باعلي ذي معارك منزل | يبصبصن بالاذناب حول لبانه | فيا راكبا اما عرضت فبلغن | ابا دليجه من لحي مفرد | عيني لابد من سكب وتهمال,16,الجاهلي_أوس-بن-حجر_02.txt,jahili_aws-bn-hjr_02.txt
الجاهلي_زهير-بن-أبي-سلمى,jahili_zhyr-bn-aby-slma,الجاهلي,زهير_بن_أبي_سلمى,252,1,0,2000,4437,2,الجاهلي__زهير_بن_أبي_سلمى__252.txt,امن ام اوفي دمنه لم تكلم معلقه,امن ام اوفي دمنه لم تكلم معلقه | ان الخليط اجد البين فانفرقا | عفا من ال فاطمه الجواء | لمن الديار بقنه الحجر | صحا القلب عن سلمي وقد كاد لا يسلو,5,الجاهلي_زهير-بن-أبي-سلمى_01.txt,jahili_zhyr-bn-aby-slma_01.txt
الجاهلي_زهير-بن-أبي-سلمى,jahili_zhyr-bn-aby-slma,الجاهلي,زهير_بن_أبي_سلمى,252,2,1,2000,4437,2,الجاهلي__زهير_بن_أبي_سلمى__252.txt,صحا القلب عن سلمي وقد كاد لا يسلو,صحا القلب عن سلمي وقد كاد لا يسلو | صحا القلب عن سلمي واقصر باطله | بان الخليط ولم ياووا لمن تركوا | الا ابلغ لديك بني تميم | امن ال ليلي عرفت الطلولا | لمن طلل برامه لا يريم | رايت بني ال امريء القيس اصفقوا | غشيت ديارا بالبقيع فثهمد | لمن الديار غشيتها بالفدفد | الا ليت شعري هل يري الناس ما اري,10,الجاهلي_زهير-بن-أبي-سلمى_02.txt,jahili_zhyr-bn-aby-slma_02.txt
الجاهلي_المهلهل-بن-ربيعة-الزير,jahili_almhlhl-bn-rbyah-alzyr,الجاهلي,المهلهل_بن_ربيعة_-_الزير,302,1,0,2000,4100,2,الجاهلي__المهلهل_بن_ربيعة_-_الزير__302.txt,تنجد حلفا امنا فامنته,تنجد حلفا امنا فامنته | عجبت ابناونا من فعلنا | ان في الصدر من كليب شجونا | اني وجدت زهيرا في ماثرهم | اكثرت قتل بني بكر بربهم | لو كنت اقتل جن الخابلين كما | دعيني فما في اليوم مصحي لشارب | فقتلا بتقتيل و عقرا بعقركم | اهاج قذاء عيني الاذكار | يا لبكر انشروا لي كليبا | انادي بركب الموت للموت غلسوا | اليلتنا بذي حسم انيري | وادي الاحص لقد سقاك من العدي | نبيت ان النار بعدك اوقدت | شفيت نفسي وقومي من سراتهم | من مبلغ بكرا و ال ابيهم | لما نعي الناعي كليبا اظلمت | ولما راي العمق قدامه | فجاءوا يهرعون وهم اساري | جارت بنو بكر ولم يعدلوا | طفله ما ابنه المجلل بيضا | ان تحت الاحجار حزما وعزما | بات ليلي بالانعمين طويلا | ليس مثلي يخبر الناس عن ا | غنيت دارنا تهامه في الده | رماك الله من بغل,26,الجاهلي_المهلهل-بن-ربيعة-الزير_01.txt,jahili_almhlhl-bn-rbyah-alzyr_01.txt
الجاهلي_المهلهل-بن-ربيعة-الزير,jahili_almhlhl-bn-rbyah-alzyr,الجاهلي,المهلهل_بن_ربيعة_-_الزير,302,2,1,2000,4100,2,الجاهلي__المهلهل_بن_ربيعة_-_الزير__302.txt,رماك الله من بغل,رماك الله من بغل | هل عرفت الغداه من اطلال | فقلت له بو بامري لست مثله | اخ وحريم سيي ان قطعته | سامضي له قدما ولو شاب في الذي | اثبت مره و السيوف شواهر | يا حار لا تجهل علي اشياخنا | كل قتيل في كليب حلام | قتيل ما قتيل المرء عمرو | انكحها فقدها الاراقم في | خلع الملوك و سار تحت لوايه | كنا نغار علي العواتق ان تري | لو ان خيلي ادركتك وجدتهم | لو كان ناه لابن حيه زاجرا | كل قتيل في كليب حلان | كليب لا خير في الدنيا ومن فيها | لابنه حطان بن عوف منازل | سيعلم مره حيث كانوا | ان يكن قتلنا الملوك خطاء | اعيني جودا بالدموع السوافح | اشاقتك منزله دايره | دعاني داعيا مضر جميعا | لقد عرفت قحطان صبري ونجدتي | منع الرقاد لحادث اضناني,24,الجاهلي_المهلهل-بن-ربيعة-الزير_02.txt,jahili_almhlhl-bn-rbyah-alzyr_02.txt
صدر-الإسلام_حسان-بن-ثابت,early_islamic_hsan-bn-thabt,صدر_الإسلام,حسان_بن_ثابت,245,1,0,2000,18559,9,الإسلامي__حسان_بن_ثابت__245.txt,عفت ذات الاصابع فالجواء,عفت ذات الاصابع فالجواء | واحسن منك لم تر قط عيني | هل رسم دارسه المقام يباب | عرفت ديار زينب بالكثيب | تطاول بالجمان ليلي فلم تكن | ان تمس دار ابن اروي منه خاليه | ما نقمتم من ثياب خلفه | اذا عضل سيقت الينا كانهم | صلي الاله علي الذين تتابعوا | اني حلفت يمينا غير كاذبه | قالت له يوما تخاطبه | قد تعفي بعدنا عاذب | اذن والله نرميهم بحرب | وفجعنا فيروز لا در دره | وغبنا فلم تشهد ببطحاء مكه | يا حار قد عولت غير معول | اذا نسبت يوما قريش نفتكم | يا حار قد كنت لولا ما رميت به | يا عين جودي بدمع منك منسكب | بني اللوم بيتا علي مذحج | من مبلغ صفوان ان عجوزه | فلا والله ما تدري هذيل | مزينه لا يري فيها خطيب | متي تنسب قريش او تحصل | سالت هذيل رسول الله فاحشه | يا حار ان كنت امرا متوسعا | ابوك ابوك وانت ابنه | فخرتم باللواء وشر فخر | سايل قريشا واحلافها | ذكرت القروم الصيد من ال هاشم | لعمرك ما اوصي اميه بكره | الا ابلغا عني اسيدا رساله | لما راتني ام عمرو صدفت لما راتني ام عمرو صدفت | من للقوافي بعد حسان وابنه | نجي حكيما يوم بدر ركضه,35,صدر-الإسلام_حسان-بن-ثابت_01.txt,early_islamic_hsan-bn-thabt_01.txt
صدر-الإسلام_حسان-بن-ثابت,early_islamic_hsan-bn-thabt,صدر_الإسلام,حسان_بن_ثابت,245,2,8,2000,18559,9,الإسلامي__حسان_بن_ثابت__245.txt,هل المجد الا السودد العود والندي,هل المجد الا السودد العود والندي | ابك بكت عيناك ثم تبادرت | ما بال عينك يا حسان لم تنم | الين اذا لان العشير فان تكن | تناولني كسري ببوسي ودونه | الله اكرمنا بنصر نبيه | ان ابن جفنه من بقيه معشر | لمن منزل عاف كان رسومه | اعين الا ابكي سيد الناس واسفحي | اني لعمر ابيك شر من ابي | ابلغ بني عمرو بان اخاهم | وصقعب والد لابيك قين | باهي ابن صقعب اذ اثري بكلبته | لقد علمت بنو النجار اني | الا ان ادعاء بني قصي | سالت قريشا وقد خبروا | نالت قريش ذري العلياء فانخنثت | لعمر ابي سميه ما ابالي | الم تر ان طلحه من قريش | اذا ذكرت عقيله بالمخازي اذا ذكرت عقيله بالمخازي | ابا لهب ابلغ بان محمدا | من سره الموت صرفا لا مزاج له | يا للرجال لدمع هاج بالسنن | ومسترق النخامه مستكين | وممسك بصداع الراس من سكر | اما سالت فانا معشر نجب اما سالت فانا معشر نجب | ان شرخ الشباب والشعر الاس | وقد كنا نقول اذا راينا | لمن الدار اوحشت بمعان | ويثرب تعلم انا بها | ان سرك الغدر صرفا لا مزاج له | الا ابلغ ابا قيس رسولا,32,صدر-الإسلام_حسان-بن-ثابت_02.txt,early_islamic_hsan-bn-thabt_02.txt
صدر-الإسلام_الحطيئة,early_islamic_alhtyyh,صدر_الإسلام,الحطيئة,211,1,0,2000,9380,4,الإسلامي__الحطيئة__211.txt,ولقد رايتك في النساء فسوتني,ولقد رايتك في النساء فسوتني | والله ما معشر لاموا امرا جنبا | فلا وابيك ما ظلمت قريع | والله ما معشر لاموا امرا جنبا | و فتيان صدق من عدي عليهم | و لست اري السعاده جمع مال | الا طرقتنا بعد ما هجدوا هند | والله ما راموا امرا جنبا | الا طرقت هندالهنود وصحبتي | الا ابلغ بني عوف بن كعب | و لما كنت جارهم حبوني | طافت امامه بالركبان اونه | اتاني واهلي بذات الدماخ | وقاتلت الغداه قتال صدق | ادب وراء نقده كل يوم | لما راي ان ارياف القري منعت | لعمري لقد امسي علي الامر سايس | حمدت الهي انني لم اجدكما | اشاقتك ليلي في اللمام وما جزت | الا من لقلب عارم النظرات,20,صدر-الإسلام_الحطيئة_01.txt,early_islamic_alhtyyh_01.txt
صدر-الإسلام_الحطيئة,early_islamic_alhtyyh,صدر_الإسلام,الحطيئة,211,2,3,2000,9380,4,الإسلامي__الحطيئة__211.txt,ان الخليط اجدوا البين فانفرقوا,ان الخليط اجدوا البين فانفرقوا | لا تجمعا مالي وعرضي باطلا | اعبد بن يربوع بن ضرط بن مازن | فدي لابن حصن ما اريح فانه | الا ال ليلي ازمعوا بقفول | اري العير تحدي بين قن وضارج | زيارات من شعر الحطييه ناتك امامه الا سوالا | تعذر بعد رامه من سليمي | قالت امامه عرسي وهي خاليه | عفا توءم من اهله فجلاجله | انخنا ببيت الزبرقان وليتنا | فدي لابن بدر ناقتي ونسوعها | اذيب القفر ام ذيب انيس | و لم تر عيني مثل عروه خله | ان عمرا وما تجشم عمرو | تجهم لي بالبشر يوم لقيته | لحاك الله ثم لحاك حقا | يا راكبا اما عرضت فبلغن | اخو ذبيان عبس ثم مالت | من مبلغ حيان عني وعاصما | اعطي ابن قرط غداه السليم | ابوك ربيعه الخير بن قرط | قلت لها اصبرها صادقا | لامدحن بمدحه مذكوره | ابت شفتاي اليوم الا تكلما | هل تعرف الدار مذ عامين او عام | الا هبت امامه بعد هدء,27,صدر-الإسلام_الحطيئة_02.txt,early_islamic_alhtyyh_02.txt
صدر-الإسلام_علي-بن-أبي-طالب,early_islamic_aly-bn-aby-talb,صدر_الإسلام,علي_بن_أبي_طالب,273,1,0,2000,8169,4,الإسلامي__علي_بن_أبي_طالب__273.txt,تغيرت الموده والاخاء,تغيرت الموده والاخاء | دع ذكرهن فما لهن وفاء | هي حالان شده ورخاء | اذا عقد القضاء عليك امرا | امن بعد تكفين النبي ودفنه | نصرنا رسول الله لما تدابروا | و ما طلب المعيشه بالتمني | فان كنت بالشوري ملكت امورهم | الم تر قومي اذ دعاهم اخوهم | فلا تترك التقوي اتكالا علي النسب | اذا اشتملت علي الياس القلوب | اني اقول لنفسي وهي ضيقه | ما غاض دمعي عند نازله | فرض علي الناس ان يتوبوا | انا ابن ذي الحوضين عبد المطلب | ابا لهب تبت يداك ابا لهب | ذهب الوفاء ذهاب امس الذاهب | ترد رداء الصبر عند النوايب | الدهر يخنق احيانا قلادته | لا تطلبن معيشه بمذله | فان تسالني كيف انت فانني | يغطي عيوب المرء كثره ماله | غالبت كل شديده فغلبتها | فلو كانت الدنيا تنال بفطنه | و افضل قسم الله للمرء عقله | ليس البليه في ايامنا عجبا | كن ابن من شيت واكتسب ادبا | ايها الفاجر جهلا بالنسب | سليم العرض من حذر الجوابا | البس اخاك علي عيوبه | علمي غزير واخلاقي مهذبه | اذا رمت ان تعلي فزر متواترا | شييان لو بكت الدماء عليهما | مالي وقفت علي القبور مسلما | ستشهد لي بالكر والطعن رايه | هذا لكم من الغلام الغالبي | ابي الله الا ان صفين دارنا | الازد سيفي علي الاعداء كلهم | احسين اني واعظ ومودب | اذا جادت الدنيا عليك فجد بها | عجبت لجازع باك مصاب,41,صدر-الإسلام_علي-بن-أبي-طالب_01.txt,early_islamic_aly-bn-aby-talb_01.txt
صدر-الإسلام_علي-بن-أبي-طالب,early_islamic_aly-bn-aby-talb,صدر_الإسلام,علي_بن_أبي_طالب,273,2,3,2000,8169,4,الإسلامي__علي_بن_أبي_طالب__273.txt,لنا الرايه الحمراء يخفق ظلها,لنا الرايه الحمراء يخفق ظلها | ولما رايت الخيل تقرع بالقنا | افاطم هاك السيف غير ذميم | اذا كنت في نعمه فارعها | وكن موسرا شيت او معسرا | جزي الله عني عصبه اسلميه | ابا طالب عصمه المستجير | يا عمرو قد لاقيت فارس همه | الله اكرمنا بنصر نبيه | فما نوب الحوادث باقيات | اخ طاهر الاخلاق عذب كانه | لا تظلمن اذا ما كنت مقتدرا | لا تودع السر الا عند ذي كرم | تنزه عن مجالسه الليام | كم من اديب فطن عالم | اتصبر للبلوي عزاء وحسبه | واذا طلبت الي كريم حاجه | اما والله ان الظلم شوم | سل الايام عن امم تقضت | لا تخضعن لمخلوق علي طمع | لا تكره المكروه عند نزوله | قد عرف الحرب العوان اني | هذا زمان ليس اخوانه | دنيا تحول باهلها | الصبر مفتاح ما يرجي | هون الامر تعش في راحه | عد من نفسك الحياه فصنها | الهي لا تعذبني فاني | ومن كرمت طبايعه تحلي | الدهر ادبني والياس اغناني | الهي انت ذو فضل ومن | لا تامنن من النساء ولو اخا | فلا تصحب اخا الجهل | ان المكارم اخلاق مطهره | النفس تبكي علي الدنيا وقد علمت | عجبا للزمان في حالتيه | لا تعتبن علي العباد فانما | اري حمرا ترعي وتاكل ما تهوي | ماذا علي من شم تربه احمد | الا طرق الناعي بليل فراعني | اذا اظماتك اكف الرجال | وكم لله من لطف خفي | ومحترس من نفسه خوف ذله | ولو انا اذا متنا تركنا | لك الحمد يا ذا الجود و المجد والعلا,45,صدر-الإسلام_علي-بن-أبي-طالب_02.txt,early_islamic_aly-bn-aby-talb_02.txt
صدر-الإسلام_الخنساء,early_islamic_alkhnsa,صدر_الإسلام,الخنساء,215,1,0,2000,8153,4,الإسلامي__الخنساء__215.txt,يا عين ما لك لا تبكين تسكابا,يا عين ما لك لا تبكين تسكابا | وخرق كانضاء القميص دويه | يا ابن الشريد علي تنايي بيننا | ارقت ونام عن سهري صحابي | ما بال عينيك منها دمعها سرب | يا عين جودي بدمع منك مسكوب | تقول نساء شبت من غير كبره | اعين الا فابكي لصخر بدره | لهفي علي صخر فاني اري له | الا يا عين فانهمري وقلت الا يا عين فانهمري وقلت | يا عين جودي بالدموع | ذري عنك اقوال الضلال كفي بنا | لا تخل انني لقيت رواحا | جري لي طير في حمام حذرته | اعيني جودا ولا تجمدا | بكت عيني وعاودت السهودا | لا شيء يبقي غير وجه مليكنا | ابكي لصخر اذا ناحت مطوقه | يا عين جودي بالدموع | اهاج لك الدموع علي ابن عمرو | عيني جودا بدمع منكما جودا | ضاقت بي الارض وانقضت محارمها | يا ابن الشريد وخير قيس كلها,23,صدر-الإسلام_الخنساء_01.txt,early_islamic_alkhnsa_01.txt
صدر-الإسلام_الخنساء,early_islamic_alkhnsa,صدر_الإسلام,الخنساء,215,2,3,2000,8153,4,الإسلامي__الخنساء__215.txt,الا ليت امي لم تلدني سويه,الا ليت امي لم تلدني سويه | يا عين جودي بالدموع السجول | ان ابا حسان عرش هوي | ابكي علي البطل الذي | اعيني فيضي ولا تبخلي | الا يا صخر ان ابكيت عيني | الا ما لعينك ام مالها | لما رايت البدر اظلم كاسفا | سقي جدثا اكناف غمره دونه | كل امريء باثا في الدهر مرجوم | فدي للفارس الجشمي نفسي | من لامني في حب كوز وذكره | لعمري وما عمري علي بهين | الا ابلغ سليما واشباعها | يا عين جودي بالدموع | امن ذكر صخر دمع عينه يسجم | يا عين بكي علي صخر لاشجان | يا لهف نفسي علي صخر وقد فزعت | بكت عيني وعاودها قذاها | من حس لي الاخوين | الا ايها الديك المنادي بسحره | اري الدهر افني معشري وبني ابي | الا لا اري في الناس مثل معاويه | ابنت صخر تلكما الباكيه,24,صدر-الإسلام_الخنساء_02.txt,early_islamic_alkhnsa_02.txt
صدر-الإسلام_كعب-بن-زهير,early_islamic_kab-bn-zhyr,صدر_الإسلام,كعب_بن_زهير,288,1,0,2000,6123,3,الإسلامي__كعب_بن_زهير__288.txt,الا بكرت عرسي توايم من لحي,الا بكرت عرسي توايم من لحي | هلا سالت وانت غير عييه | ان يدركك موت او مشيب | امن دمنه قفر تعاورها البلي | ما برح الرسم الذي بين حنجر | صبحنا الحي حي بني جحاش | ابت ذكره من حب ليلي تعودني | ان عرسي قد اذنتني اخيرا | لو كنت اعجب من شيء لاعجبني | الما علي ربع بذات المزاهر | لعمرك لولا رحمه الله انني | رحلت الي قومي لادعو جلهم | بان الشباب وامسي الشيب قد ازفا | اني الم بك الخيال يطيف,14,صدر-الإسلام_كعب-بن-زهير_01.txt,early_islamic_kab-bn-zhyr_01.txt
صدر-الإسلام_كعب-بن-زهير,early_islamic_kab-bn-zhyr,صدر_الإسلام,كعب_بن_زهير,288,2,2,2000,6123,3,الإسلامي__كعب_بن_زهير__288.txt,امن ام شداد رسوم المنازل,امن ام شداد رسوم المنازل | اتعرف رسما بين رهمان فالرقم | يقول حياي من عوف ومن جشم | وهاجره لا تستريد ظباوها | تقول ابنتي الهي ابي حب ارضه | امن دمنه الدار اقوت سنينا | هلم الينا ال بهثه انما | بكرت علي بسحره تلحاني | لقد ولي اليته جوي | واشعث رخو المنكبين بعثته | لاي زمان يخبا المء نفعه | تعلم رسول الله انك مدركي | مسح النبي جبينه | لاتفش سرك الا عند ذي ثقه | هل حبل رمله قبل البين مبتور | وليله مشتاق كان نجومها | كان امرا لم يلق عيشا بنعمه | صموت وقوال فللحلم صمته,18,صدر-الإسلام_كعب-بن-زهير_02.txt,early_islamic_kab-bn-zhyr_02.txt
الأموي_الفرزدق,umayyad_alfrzdq,الأموي,الفرزدق,118,1,0,2000,73728,36,الإسلامي__الفرزدق__118.txt,لما اجيلت سهام القوم فاقتسموا,لما اجيلت سهام القوم فاقتسموا | انت الذي عنا بلال دفعته | الم يات بالشام الخليفه اننا | قد نال بشر منيه النفس اذ غدا | مضت سنه لم تبق مالا واننا | لقد كنت احيانا صبورا فهاجني | وحرف كجفن السيف ادرك نقيها | نعم الفتي خلف اذا ما اعصفت | لو اعلم الايام راجعه لنا | ولما رايت النفس صار نجيها | تضعضع طودا وايل بعد مالك | لين صبر الحجاج ما من مصيبه | دعا دعوه الحبلي زباب وقد راي,13,الأموي_الفرزدق_01.txt,umayyad_alfrzdq_01.txt
الأموي_الفرزدق,umayyad_alfrzdq,الأموي,الفرزدق,118,2,35,2000,73728,36,الإسلامي__الفرزدق__118.txt,تغني جرير بن المراغه ظالما,تغني جرير بن المراغه ظالما | يقيم عصا الاسلام منا ابن احوز | لعمري لقد اوفي وزاد وفاوه | اذا لاقي بنو مروان سلوا | تضاحكت ان رات شيبا تفرعني | اني ابن حمال الميين غالب | الا زعمت عرسي سويده انها | وركب كان الريح تطلب عندهم | اذا مالك القي العمامه فاحذروا | اذا ما بريد النضر جاء بنصره | يا وقع هلا سالت القوم ما حسبي | اكان الباهلي يظن اني | غيا لباهله التي شقيت بنا | اذا دعيت عيناء ايقنت انني | الما علي دار بمنقطع اللوي | الي الاصلع الحلاف ان كنت شاعرا | دعاني جرير بن المراغه بعدما | اعياش قد برذنت خيلك كلها | وانت للناس نور يستضاء به | الا ايها السوال عن جله القري | سما لك شوق من نوار ودونها,21,الأموي_الفرزدق_02.txt,umayyad_alfrzdq_02.txt
الأموي_جرير,umayyad_jryr,الأموي,جرير,240,1,0,2000,51963,25,الإسلامي__جرير__240.txt,حيوا امامه واذكروا عهدا مضي,حيوا امامه واذكروا عهدا مضي | انا الموت الذي اتي عليكم | عفا نهيا حمامه فالجواء | بكر الامير لغربه وتنايي | لقد هتف اليوم الحمام ليطربا | سيمت من المواصله العتابا | بان الخليط فما له من مطلب | عجبت لهذا الزاير المترقب | اهاج البرق ليله اذرعات | الا حي المنازل بالجناب,10,الأموي_جرير_01.txt,umayyad_jryr_01.txt
الأموي_جرير,umayyad_jryr,الأموي,جرير,240,2,24,2000,51963,25,الإسلامي__جرير__240.txt,لا خير في مستعجلات الملاوم,لا خير في مستعجلات الملاوم | الا حي ربع المنزل المتقادم | خنازير ناموا عن المكرمات | لقد علقت يمينك قرن ثور | الم يكن في وسوم قد وسمت بها | لمن الديار ببرقه الروحان | عرين من عرينه ليس منا | امسيت اذ حل الشباب حزينا | ويلكم يا قصبات الجوفان | ما لمنا عميره غير انا | ان الهجيم قبيله مخسوسه | بحري قومي هيجي الاحزانا | امسي فوادك عند الحي مرهونا | الا انما تيم لعمرو ومالك | ما بال جهلك بعد الحلم والدين,15,الأموي_جرير_02.txt,umayyad_jryr_02.txt
الأموي_عمر-ابن-أبي-ربيعة,umayyad_amr-abn-aby-rbyah,الأموي,عمر_ابن_أبي_ربيعة,278,1,0,2000,36708,18,الإسلامي__عمر_ابن_أبي_ربيعة__278.txt,حدث حديث فتاه حي مره,حدث حديث فتاه حي مره | يا قضاه العباد ان عليكم | مر بي سرب ظباء | صرمت حبلك البغوم وصدت | راح صحبي وعاود القلب داء | حييا ام يعمرا | ولقد دخلت الحي يخشي اهله | وكم من قتيل لا يباء به دم | ذكرتك يوم القصر قصر ابن عامر | الم تربع علي الطلل المريب | لبس الظلام اليك مكتتما | حن قلبي من بعد ما قد انابا | ذكر القلب ذكره ام زيد | حي الرباب وتربها | منع النوم ذكره | طال ليلي وتعناني الطرب | اني تذكر زينب القلب | طال ليلي وكعتادني اطرابي | لمن نار قبيل الصب | لج قلبي في التصابي | ارقت فلم انم طربا | راع الفواد تفرق الاحباب | يقولون اني لست اصدقك الهوي | من لعين تذري من الدمع غربا | ذكر القلب ذكره | خذي حدثينا يا قريب التي بها | مبيتنا جانب البطحاء من شرف | خليلي عوجا حييا اليوم زينبا,28,الأموي_عمر-ابن-أبي-ربيعة_01.txt,umayyad_amr-abn-aby-rbyah_01.txt
الأموي_عمر-ابن-أبي-ربيعة,umayyad_amr-abn-aby-rbyah,الأموي,عمر_ابن_أبي_ربيعة,278,2,17,2000,36708,18,الإسلامي__عمر_ابن_أبي_ربيعة__278.txt,اضحي فوادك غير ذات اوان,اضحي فوادك غير ذات اوان | ولقد اشهد المحدث عند كل | سحرتني الزرقاء من مارون | اني ومن احرم الحجيج له | اصبح القلب في الحبال رهينا | اصبح القلب بالقتول حزينا | ارحمينا يا نعم مما لقينا | حدثينا قريب ما تامرينا | لم تري العين للثريا شبيها | عاودض القلب من تذكر جمل | هل تعرف الدار والاطلال والدمنا | قل للمنازل بالظهران قد حانا | قال الخليط غدا تصدعنا | اجمعت خلتي مع الهجر بينا | تقول وليدتي لما راتني | استعين كلذي بكفيه نفعي | احن اذا رايت جمال سعدي احن اذا رايت جمال سعدي | ايها الطارق الذي قد عناني | ايها المنكح الثريا سهيلا | اصبح القلب مستهاما معني | عاود القلب بعض ما قد شجاه | خانك من تهوي فلا تخنه | تاوب عينه وهنا قذاها | لعايشه كبنه التيمي عندي | قد صبا القلب صبا غير دني | امن ال نعم انت غاد فمبكر,26,الأموي_عمر-ابن-أبي-ربيعة_02.txt,umayyad_amr-abn-aby-rbyah_02.txt
الأموي_ذو-الرمة,umayyad_dhw-alrmh,الأموي,ذو_الرمة,250,1,0,2000,26500,13,الإسلامي__ذو_الرمة__250.txt,ما بال عينك منها الماء ينسكب,ما بال عينك منها الماء ينسكب | الا حييا بالزرق دار مقام | خليلي عوجا عوجه ناقتيكما,3,الأموي_ذو-الرمة_01.txt,umayyad_dhw-alrmh_01.txt
الأموي_ذو-الرمة,umayyad_dhw-alrmh,الأموي,ذو_الرمة,250,2,12,2000,26500,13,الإسلامي__ذو_الرمة__250.txt,اما استحلبت عينيك الا محله,اما استحلبت عينيك الا محله | تغير بعدي من اميمه شارع | فلو كان عمران ابن موسي اتمها | اني اذا ما عرم الوطواط | لقد خفق النسران والنجم بازل | يا ايها ذيا الصدي النبوح | اصهب يمشي مشيه الامير | قلت لنفسي حين فاضت ادمعي | وجاريه ليست من الانس تستحي | تعرفت اطلالا فهاجت لك الهوي | خليلي اسالا الطلل المحيلا | فهلا قتلتم ثاركم مثل قتلنا | الا يا دار ميه بالوحيد | اان ترسمت من خرقاء منزله | لمن طلل عاف بوهبين راوحت | وبيض رفعنا بالضحي عن متونها | ااحلف لا انسي وان شطت النوي | بادت وغير ايهن مع البلي | يا حبذا سيح اذا الصيف التهب | اليك ابتذلنا كل وهم كانه | اذا ما المياه السدم اضت كانها | لقد حملت قيس بن عيلان حربها | تكاد اواليها تفري جلودها | بيضاء صفراء قد تنازعها | تطاللت فاستشرفته فعرفته | كان بذفراها عنيه مجرب | ومستامه تستام وهي رخيصه | بدت مثل قرن الشمس في رونق الضحي | مررن فقلنا ايه سلم فسلمت | الا رب من قلبي له الله ناصح | فكيف لنا بالشرب ان لم تكن لنا,31,الأموي_ذو-الرمة_02.txt,umayyad_dhw-alrmh_02.txt
الأموي_الأخطل,umayyad_alakhtl,الأموي,الأخطل,199,1,0,2000,21573,10,الإسلامي__الأخطل__199.txt,عقدنا حبلنا لبني شييم,عقدنا حبلنا لبني شييم | ومحبوسه في الحي ضامنه القري | لعمري لقد اسريت لا ليل عاجز | حي المنازل بين السفح والرحب | عفا واسط من اهله فمذانبه | اقفرت البلخ من عيلان فالرحب | بان الشباب وربما عللته | خليلي قوما للرحيل فانني | غدا ابنا وايل ليعاتباني,9,الأموي_الأخطل_01.txt,umayyad_alakhtl_01.txt
الأموي_الأخطل,umayyad_alakhtl,الأموي,الأخطل,199,2,9,2000,21573,10,الإسلامي__الأخطل__199.txt,الا طرقت اروي الرحال وصحبتي,الا طرقت اروي الرحال وصحبتي | عفا من ال فاطمه الدخول | اتاني واهلي بالجزيره من مني | الا طرقتنا ليله ام هيثم | محا رسم دار بالصريمه مسبل | الا لا تلوميني علي الخمر عاذلا | صرمت امامه حبلها ورعوم | اتعرف من اسماء بالجد روسما | اتعرف الدار ام عرفان منزله | عفا الجو من سلمي فبادت رسومها,10,الأموي_الأخطل_02.txt,umayyad_alakhtl_02.txt
الأموي_كثير-عزة,umayyad_kthyr-azh,الأموي,كثير_عزة,286,1,0,2000,17615,8,الإسلامي__كثير_عزة__286.txt,ما بال مولي انت ضامن غيه,ما بال مولي انت ضامن غيه | دعينا ابنه الكعبي والمجد والعلي | رايت ابا الوليد غداه جمع | فكم من يتامي بوس قد جبرتها | اشاقك برق اخر الليل واصب | ولا انت فاشكره يثبك مثيبالا طرقت بعد العشاء جنوب | لا باس بالبزواء ارضا لو انها | اذكر سعيدا بخلات سبقن له | عفا السفح من ام الوليد فكبكب | رمتني علي عمد بثينه بعدما | عفت غيقه من اهلها فجنوبها | امن ال سلمي دمنه بالذنايب | تشوف من صوت الصدي كلما دعا | جزتك الجوازي عن صديقك نضره | رايت ابنه الضمري عزه اصبحت | تيممت لهبا ابتغي العلم عندهم | لتبك البواكي المبكيات ابا وهب | ان امرءا كانت مساويه | فلولا الله ثم ندي ابن ليلي,19,الأموي_كثير-عزة_01.txt,umayyad_kthyr-azh_01.txt
الأموي_كثير-عزة,umayyad_kthyr-azh,الأموي,كثير_عزة,286,2,7,2000,17615,8,الإسلامي__كثير_عزة__286.txt,لعزه اطلال ابت ان تكلما,لعزه اطلال ابت ان تكلما | وددت وما تغني الوداده انني | لعزه من ايام ذي الغصن هاجني | يقول العدا يا عز قد حال دونكم | امن ال قيله بالدخول رسوم | وانت التي حببت شغبي الي بدا | ويوم الوغي يوم الطعان اذا اكتسي | عفت غيقه من اهلها فحريمها | افي رسم اطلال بشطب فمرجم | عرج باطراف الديار وسلم | لك الويل من عيني خبيب وثابت | وهاجره يا عز يلتف حرها | رايت ابا الحجناء في الناس جايزا | كان فاها لمن توسنها | عرفت الدار قد اقوت بريم,15,الأموي_كثير-عزة_02.txt,umayyad_kthyr-azh_02.txt
الأموي_الراعي-النميري,umayyad_alraay-alnmyry,الأموي,الراعي_النميري,216,1,0,2000,13252,6,الإسلامي__الراعي_النميري__216.txt,عجبت من السارين والريح قره,عجبت من السارين والريح قره | لمزاحم من خلفه وورايه | تقول ابنتي لما رات بعد ماينا | صلب العصا بضربه دماها | طال العشاء ونحن بالهضب | حتي تنال خبه من الخبب | اني اتاني كلام ما غضبت له | او هيبان نجيب نام عن غنم | عفت بعدنا اجراع بكر فتولب | كانها حين فاض الماء واحتفلت | رايت الجحش جحش بني كليب | بها جيف الحسري فاما عظامها | الا ايها الربع الخلاء مشاربه | كان لها برحل القوم بوا | بويزل عام لا قلوص ممله | انا وجدناالعيس خيرا بقيه | وحديثها كالقطر يسمعه | علي الدار بالرمانتين تعوج | الا اسلمي اليوم ذات الطوق والعاج | اني امرو لم ازل وذاك من ال | افي اثر الاظعان عينك تلمح,21,الأموي_الراعي-النميري_01.txt,umayyad_alraay-alnmyry_01.txt
الأموي_الراعي-النميري,umayyad_alraay-alnmyry,الأموي,الراعي_النميري,216,2,5,2000,13252,6,الإسلامي__الراعي_النميري__216.txt,تهانفت واستبكاك رسم المنازل,تهانفت واستبكاك رسم المنازل | ما بال دفك بالفراش مذيلا | ومن يك باديا ويكن اخاه | صدقت معيه نفسه فترحلا | قافيه الميممن كل بذاء في البردين يشغلها | اري ابلي تكالا راعياها | اني نذير التي القت منييتها | فان كنت يا ابن السمط سالمت دوننا | اثم غدوت بعد ذاك تلومني | اشاقتك ايات ابان قديمها | فلا يكونن موعودا وايت به | اعبد الله للبرق اليماني | ابت ايات حبي ان تبينا,13,الأموي_الراعي-النميري_02.txt,umayyad_alraay-alnmyry_02.txt
الأموي_الطرماح,umayyad_altrmah,الأموي,الطرماح,227,1,0,2000,12332,6,الإسلامي__الطرماح__227.txt,اني صرمت من الصبا ارابي,اني صرمت من الصبا ارابي | لمن ديار بهذا الجزع من ربب | الم تزع الهوي اذ لم يوات | الا ان سلمي عن هوانا تسلت | قفا فاسالا الدمنه الماصحه,5,الأموي_الطرماح_01.txt,umayyad_altrmah_01.txt
الأموي_الطرماح,umayyad_altrmah,الأموي,الطرماح,227,2,5,2000,12332,6,الإسلامي__الطرماح__227.txt,اتشتم ازد القريتين وطييا,اتشتم ازد القريتين وطييا | لا تسكنن الي سكون انما | يا فرسي سيري وامي الشاما | ولو ان غير الموت لاقي عدبسا | اساءك تقويض الخليط المباين | امن دمن بشاجنه الحجون | طربت وشاقك البرق اليماني | اتجعلنا الي شمجي بن جرم | لقد علم المعذل يوم يدعو | سما للعلي من جانبيها كليهما | اسرناهم وانعمنا عليهم | عقاب عقنباه كان وظيفها | دعتنا بكهف من كنا بيل دعوه | فاني واياكم وموعد بيننا | واجوبه كالزاعبيه وخزها | تزجي عكاك الصيف اخصامها العلا | قطرت وادرجها الوجيف وضمها | اذا قبضت نفس الطرماح اخلقت,18,الأموي_الطرماح_02.txt,umayyad_altrmah_02.txt
الأموي_ابن-مقبل,umayyad_abn-mqbl,الأموي,ابن_مقبل,194,1,0,2000,12301,6,الإسلامي__ابن_مقبل__194.txt,طرقتك زينب بعدما طال الكري,طرقتك زينب بعدما طال الكري | وغيث مريع لم يجدع نباته | ولم اصطبح صهباء صافيه القذي | عفابطحان من قريش فيثرب | هل كنت الا مجنا تتقون به | سل الدار من جنبي حبر فواهب | الي كبد كان منهاه سوطها | دعتنا بكهف من كنابين دعوه | واصفر عطاف اذا راح ربه | هل القلب عن دهماء سال فمسمح | امن رسم دار بالجناح عرفتها | تقدم قيس كل يوم كريهه | االيوم بان الحي ام واعدوا غدا,13,الأموي_ابن-مقبل_01.txt,umayyad_abn-mqbl_01.txt
الأموي_ابن-مقبل,umayyad_abn-mqbl,الأموي,ابن_مقبل,194,2,5,2000,12301,6,الإسلامي__ابن_مقبل__194.txt,بان الخليط فما للقلب معقول,بان الخليط فما للقلب معقول | قد فرق الدهر بين الحي بالظعن | كاني ورحلي روحتنا نعامه | ااخطل لم ذكرت نساء قيس | كان سخالها بلوي سمار | طاف الخيال بنا ركبا يمانينا | ذعرت بجوس نهبله قذاف | الا يا ديار الحي بالسبعان | رحلت اليك من جنفاء حتي | اصبح الدهر وقد الوي بهم | ولو تشتري منه لباع ثيابه | امن ظعن هبت بليل فاصبحت | فلو قبل مبكاها بكيت صبابه | وافي الخيال وما وافاك من امم | حي دار الحي لا دار بها,15,الأموي_ابن-مقبل_02.txt,umayyad_abn-mqbl_02.txt
الأموي_النابغة-الشيباني,umayyad_alnabghh-alshybany,الأموي,النابغة_الشيباني,232,1,0,2000,10853,5,الإسلامي__النابغة_الشيباني__232.txt,ارقت وشر الداء هم مورق,ارقت وشر الداء هم مورق | الا هاج قلبي العام ظعن بواكر | لقد واصلت سلمي في ليال | بان الخليط فقلبي اليوم مختلس,4,الأموي_النابغة-الشيباني_01.txt,umayyad_alnabghh-alshybany_01.txt
الأموي_النابغة-الشيباني,umayyad_alnabghh-alshybany,الأموي,النابغة_الشيباني,232,2,4,2000,10853,5,الإسلامي__النابغة_الشيباني__232.txt,بانت سليمي واقوي بعدها تبل,بانت سليمي واقوي بعدها تبل | اشتقت وانهل دمع عينك ان | اضحت اميمه لا ينال زمامها | الا طرقتنا بالقرينين موهنا | الياس من طول الثواء رواح | قد تسديتها وتحتي امون | بان السفاه واودي الجهل والسرف,7,الأموي_النابغة-الشيباني_02.txt,umayyad_alnabghh-alshybany_02.txt
العباسي_ابن-الرومي,abbasid_abn-alrwmy,العباسي,ابن_الرومي,173,1,0,2000,272895,136,العباسي__ابن_الرومي__173.txt,ضحك الربيع الي بكي الديم,ضحك الربيع الي بكي الديم | متهلل زجل تحن رواعد | يا حبذا النرجس ريحانه | وهاجره بيضاء يعدي بياضها | وليل غشا ليل من الدجن فوقه | اذاقتني الاسفار ما كره الغني | ومن نكبه لاقيتها بعد نكبه | دع اللوم ان اللوم عون النوايب,8,العباسي_ابن-الرومي_01.txt,abbasid_abn-alrwmy_01.txt
العباسي_ابن-الرومي,abbasid_abn-alrwmy,العباسي,ابن_الرومي,173,2,135,2000,272895,136,العباسي__ابن_الرومي__173.txt,ومنزل الوحي علي نبيه,ومنزل الوحي علي نبيه | اشهد مايكون علي هجاء | ليس يستيقن العنايه مشفو | انا واش بسوء حالي اليكا | سبيلي اليك كتابي اليكا | قد ذقت انواع الطعوم فلم اجد | اذا جددت نعمه لامريء | لعا من عاثر لك يابن يحيي | قد طال بسطك امالي قد ملات | ياقاصدا ليد جلت اياديها | اري ابن حريث لا يبالي عضيهتي | عجبا يا قوم للصن | هنييا يا ابا حسن هنييا | لو يعلم ابن ابي سميه | اصبح هذا الحجر قد وافقت | شهد الله وهو عدل رضي | يا خالدا ابن ابيه | صدق القايلون انك ياخاتدعي سخله له ولاملم تزل تحته فراشا وطيا ثقل اوركها علي عاتق | تدعي سخله له ولام | ثقل اوركها علي عاتقي | يا اخي من ابي وماكان يزني | خالد امها وانت ابوها | يا قابل المدح فيه منا | بابي وجه مضيء | ام حفص صلعه الشي | الا ايهذا السايلي عن معاشر | ياثلج ماء مالح اسن | نوك وغي وعي | تباين الاصل منه | انما البس العمامه في الصي | مافيه معني لمشتهيه | كم قرون في رووس | قلت اذ قيل جوهري طريف | علج اذا قلم اظفاره | ابن لي تعمم طابقيا | لاينكر الناس هزلا | رايتك تدعي رمضان دعوي | بابي حسن وجهك اليوسفي | شبهي بوجنتك الملي | تعللت ريقا يطرد النوم برده | معذر فوق مورديه | طير النوم عن جفوني خيال | لابنه الوايلي وسواس حلي | رمدت مقلتي اشتياقا اليكا | نبكي الشباب لحاجات النساء ولي,45,العباسي_ابن-الرومي_02.txt,abbasid_abn-alrwmy_02.txt
العباسي_مهيار-الديلمي,abbasid_mhyar-aldylmy,العباسي,مهيار_الديلمي,303,1,0,2000,207843,103,العباسي__مهيار_الديلمي__303.txt,الان اذ برد السلو ظمايي,الان اذ برد السلو ظمايي | يا عين لو اغضيت يوم النوي | ما لكم لا تغضبون للهوي | ما مكرم هين الاباء يكرهه | ساهره الليل نووم الضحي | ايها العاتب ما ذا | عذيري من باغ علي احبه | حمام اللوي رفقا به فهو لبه | دواعي الهوي لك ان لا تجيبا,9,العباسي_مهيار-الديلمي_01.txt,abbasid_mhyar-aldylmy_01.txt
العباسي_مهيار-الديلمي,abbasid_mhyar-aldylmy,العباسي,مهيار_الديلمي,303,2,102,2000,207843,103,العباسي__مهيار_الديلمي__303.txt,اجيراننابالغور والركب متهم,اجيراننابالغور والركب متهم | قد قنعنا ان نرقب الاحلاما | يا مستضيم الملك اين الحامي | انبه طرفي وهو يخدع بالحلم | عجبت لمر النفس كيف يضام | متي وصلت تحيه مستهام,6,العباسي_مهيار-الديلمي_02.txt,abbasid_mhyar-aldylmy_02.txt
العباسي_البحتري,abbasid_albhtry,العباسي,البحتري,119,1,0,2000,152255,76,العباسي__البحتري__119.txt,انزاعا في الحب بعد نزوع,انزاعا في الحب بعد نزوع | قد لعمري يا ابن المغيره اصبح | ابا نهشل رايك المقنع | بين الشقيقه فاللوي فالاجرع | اخا عله سار الاخاء فاوضعا | ان تامل محاسن الاصبهاني | يا بديع الحسن والقد | مني النفس في اسماء لو يستطيعها | المت وهل المامها لك نافع | بعدوك الحدث الجليل الواقع,10,العباسي_البحتري_01.txt,abbasid_albhtry_01.txt
العباسي_البحتري,abbasid_albhtry,العباسي,البحتري,119,2,75,2000,152255,76,العباسي__البحتري__119.txt,لامت ملامه مشفق متعتب,لامت ملامه مشفق متعتب | يا فضل فيم الصدود والغضب | تروح رواحا علي ابلق | تعالي الله يجزي كل امر | حرك يديك اللتين خلتهما | اريحيات صبوه ومشيب | لا اري بالعقيق رسما يجيب | لا تعجبن فما للدهر من عجب | اي حسن للبدر غطي تلالي | فلو ان ريحا ابلغت وحي مرسل | حلفت لها بالله يوم التفرق,11,العباسي_البحتري_02.txt,abbasid_albhtry_02.txt
العباسي_الشريف-الرضي,abbasid_alshryf-alrdy,العباسي,الشريف_الرضي,223,1,0,2000,145839,72,العباسي__الشريف_الرضي__223.txt,جزاء امير المومنين ثنايي,جزاء امير المومنين ثنايي | بهاء الملك من هذا البهاء | ايا لله اي هوي اضاء | اي العيون تجانب الاقذاء,4,العباسي_الشريف-الرضي_01.txt,abbasid_alshryf-alrdy_01.txt
العباسي_الشريف-الرضي,abbasid_alshryf-alrdy,العباسي,الشريف_الرضي,223,2,71,2000,145839,72,العباسي__الشريف_الرضي__223.txt,الي اين مرمي قصدها وسراها,الي اين مرمي قصدها وسراها | تلفت والرمل ما بيننا | احبك ما اقام مني وجمع | يا طالبا ملك بني بويه | عاد الهوي بظباء مك | اكبح النفس ان جم | لمن بعده اسيافه وقناه | علق القلب من اطال عذابي | اقول لركب رايحين لعلكم | من راي اعينا حذ | ما مقامي علي الهوان وعندي | اتذهل بعد انذار المنايا | مضي حسب من الدنيا ودين | ايعلم قبر بالجنينه اننا,14,العباسي_الشريف-الرضي_02.txt,abbasid_alshryf-alrdy_02.txt
العباسي_الشريف-المرتضى,abbasid_alshryf-almrtda,العباسي,الشريف_المرتضى,224,1,0,2000,124058,62,العباسي__الشريف_المرتضى__224.txt,اراعك ما راعني من ردي,اراعك ما راعني من ردي | الا ماذا يريبك من همومي | لقد ضل من يسترق الهوي | خليلي الا عجبتما بالقلايص | ناد امرءا غيب خلف النقا | اومل ان اعيش ودون عيشي | سلام وهل يغني السلام علي الذي | الا ارقت لضوء برق اومضا,8,العباسي_الشريف-المرتضى_01.txt,abbasid_alshryf-almrtda_01.txt
العباسي_الشريف-المرتضى,abbasid_alshryf-almrtda,العباسي,الشريف_المرتضى,224,2,61,2000,124058,62,العباسي__الشريف_المرتضى__224.txt,ارني العجايب يا اباها,ارني العجايب يا اباها | هي الدار موقوف عليك بكاها | نجوت القنا والبيض تدمي متونها | خليلي من فرعي معد تاملا | الا غاد دمع العين ان كنت غاديا | ايها اللايم الذي لا يمل الل | يا حامل الكاس ناولني مشعشعه | يا خليلي اراك من شغف الحب,8,العباسي_الشريف-المرتضى_02.txt,abbasid_alshryf-almrtda_02.txt
العباسي_أبوالعلاء-المعري,abbasid_abwalala-almary,العباسي,أبوالعلاء_المعري,117,1,0,2000,103076,51,العباسي__أبوالعلاء_المعري__117.txt,اياك والخمر فهي خالبه,اياك والخمر فهي خالبه | من لي ان اقيم في بلد | ما الثريا عنقود كرم ملاح | اطل صليب الدلو بين نجومه | رايت قضاء الله اوجب خلقه | اذا كف صل افعوان فما له | اذا كان رعبي يورث الامن فهو لي | اذا شيت ان يرضي سجاياك ربها | لعمرك ما غادرت مطلع هضبه | اذا ما عراكم حادث فتحدثوا | الله لا ريب فيه وهو محتجب | ان يصحب الروح عقلي بعد مظعنها | لا تفرحن بفال ان سمعت به | لو كنتم اهل صفو قال ناسبكم | الامر ايسر مما انت مضمره | قد يسروا لدفين حان مصرعه | رغبنا في الحياه لفرط جهل | عيوبي ان سالت بها كثير | لذاتنا ابل الزمان ينالها | علم الامام ولا اقول بظنه | سمي ابنه اسدا وليس بامن | ان عذب المين بافواهكم | يحسن مراي لبني ادم | هذا طريق للهدي لاحب | اصفح وجاهر بالمراد الفتي | دنا رجل الي عرس لامر | الا عدي بكاء او نحيبا | تريب وسوف يفترق التريب | اذا هبت جنوب او شمال | لسانك عقرب فاذا اصابت | تنادوا طاعنين غداه قالوا | في البدو خراب اذواد مسومه | نفوس للقيامه تشريب | اقروا بالاله واثبتوه | تراب جسومنا وهي التراب | لا تسال الضيف ان اطعمته ظهرا | قد اسرف الانس في الدعوي بجهلهم,37,العباسي_أبوالعلاء-المعري_01.txt,abbasid_abwalala-almary_01.txt
العباسي_أبوالعلاء-المعري,abbasid_abwalala-almary,العباسي,أبوالعلاء_المعري,117,2,50,2000,103076,51,العباسي__أبوالعلاء_المعري__117.txt,اني لمن ال حواء الذين هم,اني لمن ال حواء الذين هم | كم حاول الرجل الدنيا بقوته | لو ان كل نفوس الناس راييه | يا امه ما لها عقول | دنيا الفتي هذه عدو | اذا ابتكرت الي العراف فاعرف | قران المشتري زحلا يرجي | اتت خنساء مكه كالثريا | كيف يصفو المقيم في ام دفر | تفقهت في الدنيا فلم تلف طايلا | وجدت سجايا الفضل في الناس غربه | متي ما تخالط عالم الانس لا يزل | فتاه بغت امرا من الدهر معجزا | لو كان جسمك متروكا بهييته | الغدر فينا طباع لا تري احدا | اكرم بياضك عن خطر يسوده | لا تحلفن علي صدق ولا كذب | وجدت غنايم الاسلام نهبا | العقل ان يضعف يكن مع | عنسي في الدنيا سوي الراهي | بخيفه الله تعبدتنا | لن تريه ان كنت لما تريه | لا تهاد القضاه كي تظلم الخ | نضحي ونمسي كبني ادم | لنا خفض المحله والدنايا | الخلق من اربع مجمعه | العقل يوضح للنس | كانك بعد خمسين استقلت | لعمرك ما زوج الفتاه بحازم | تسوقوا بالغنا لربهم | تدين مغربي بانتحال | ارادوا الشر وانتظروا اماما | صفري من بعده رجبي,33,العباسي_أبوالعلاء-المعري_02.txt,abbasid_abwalala-almary_02.txt
العباسي_محيي-الدين-بن-عربي,abbasid_mhyy-aldyn-bn-arby,العباسي,محيي_الدين_بن_عربي,298,1,0,2000,89051,44,العباسي__محيي_الدين_بن_عربي__298.txt,لمع البرق علينا عشاء,لمع البرق علينا عشاء | لي الارض الاريضه والسماء | ريان فلكي عين الحق تحفظه | للحق فينا تصاريف واشياء | اذا سدس الذات النزيهه عارف | يقرر المنعم النعما اذا شاء | سبحان من كون السماء | اذا طلع البدر المنير عشاء | ورثت محمدا فورثت كلا | اذا النور من فار او من طور سيناء | انظر الي العرش علي مايه | سرج العلم اسرجت في الهواء | بالمال ينقاد كل صعب | ستكون خاتمه الكتاب لطيفه | لبست صفيه خرقه الفقراء | لما رايت منازل الجوزاء | بانني من بلاد انت ساكنها اني وذكر من ياتي فيذكرني | بشري من الله الكريم اتت بها,18,العباسي_محيي-الدين-بن-عربي_01.txt,abbasid_mhyy-aldyn-bn-arby_01.txt
العباسي_محيي-الدين-بن-عربي,abbasid_mhyy-aldyn-bn-arby,العباسي,محيي_الدين_بن_عربي,298,2,43,2000,89051,44,العباسي__محيي_الدين_بن_عربي__298.txt,واحربا من كبدي واحربا,واحربا من كبدي واحربا | بالجزع بين الابرقين الموعد | ياايها البيت العتيق تعالي | بين النقا ولعلع | بابي الغصون المايسات عواطفا | باثيلات النقا سرب قطا | اضاء بذات الاضا بارق | يذكرني حال الشبيبه والشرخ | اطارح كل هاتفه بايك | عند الجبال من كثيب زرود | ثلاث بدور ما برزن بزينه | الا يا ثري نجد تباركت من نجد | يا خليلي الما بالحمي | احب بلاد الله لي بعد طيبه | نفسي الفداء لبيض خرد عرب | طلعت بين اذرعات وبصري | رعي الله طيرا علي بانه | يا اولي الالباب يا اولي النهي | ولا انس يوما عند وانه منزلي | طلع البدر في دجي الشعر | احبابنا اين هم | بين الحشا والعيون النجل حرب هوي,22,العباسي_محيي-الدين-بن-عربي_02.txt,abbasid_mhyy-aldyn-bn-arby_02.txt
العباسي_ابن-حيوس,abbasid_abn-hyws,العباسي,ابن_حيوس,179,1,0,2000,68396,34,العباسي__ابن_حيوس__179.txt,عاذ بالصفح من احب كلبقاء,عاذ بالصفح من احب كلبقاء | شفاء الهدي ياسيفه العضب ان تشفا | محض الاباء وسودد الاباء | قد كفي الله وهو نعم الكافي,4,العباسي_ابن-حيوس_01.txt,abbasid_abn-hyws_01.txt
العباسي_ابن-حيوس,abbasid_abn-hyws,العباسي,ابن_حيوس,179,2,33,2000,68396,34,العباسي__ابن_حيوس__179.txt,هل بعد فتحك ذا لباغ مطمع,هل بعد فتحك ذا لباغ مطمع | كذا في طلاب المجد فليسع من سسعي | قسما بسوددك الذي لا يدعا | لصرف الليالي ان يصول ونخضعا,4,العباسي_ابن-حيوس_02.txt,abbasid_abn-hyws_02.txt
العباسي_أبو-تمام,abbasid_abw-tmam,العباسي,أبو_تمام,162,1,0,2000,66145,33,العباسي__أبو_تمام__162.txt,ومن جيد غيداء التثني كانما,ومن جيد غيداء التثني كانما | يا موضع الشذنيه الوجناء | فحواك عين علي نجواك يامذل | الا تري ما اصدق الانواء | قدك اييب اربيت في الغلواء | اجل ايها الربع الذي خف اهله | السيف اصدق انباء من الكتب,7,العباسي_أبو-تمام_01.txt,abbasid_abw-tmam_01.txt
العباسي_أبو-تمام,abbasid_abw-tmam,العباسي,أبو_تمام,162,2,32,2000,66145,33,العباسي__أبو_تمام__162.txt,ذل السوال شجي في الحلق معترض,ذل السوال شجي في الحلق معترض | واخ املي عليه اختلاط الد | نسج المشيب له لفاعا مغدفا | نطقت مقله الفتي الملهوف | واخ بشعت بعرفه ومذاقه | اجميل ما لك لا تجيب اخاكا | شهدت لقد لبست ابا سعيد | قد عرفناه دلايل المنع او ما | عجب لعمرك ان وجهك معرض | اني لاستحيي يقيني ان يري | اعلم وانت المرء غير معلم | لا يحمد السجل حتي يحكم الوذم | محمد بن سعيد ارعني ادنا | شعبي وشعب عبيد الله ملتيم | ابا القاسم اسلم في وفود من القسم | لولا القديم وحرمه مرعيه | رسولك الخطي يوم الوغي | ما ابيض وجه المرء في طلب العلي | وعاذل عذلته في عذله | افيكم فتي حي فيخبرني عني,20,العباسي_أبو-تمام_02.txt,abbasid_abw-tmam_02.txt
العباسي_بشار-بن-برد,abbasid_bshar-bn-brd,العباسي,بشار_بن_برد,237,1,0,2000,66125,33,العباسي__بشار_بن_برد__237.txt,تجهز طال في النصب الثواء,تجهز طال في النصب الثواء | حييا صاحبي ام العلاء | طال انتظاري عهد اباء | افرخ الزنج طال بك البلاء | منيتني بشرا وبشر فتي | اجارتنا ما بالهوان خفاء | قد لعب الدهر علي هامتي | خاط لي عمرو قبا | ترجع النفس اذا وقرتها | تجري علي احسابهم | كان قرقره الابريق بينهم | وغلا عليك طلابه | ذهب الدهر بسمط وبرا | عوجا خليلي لقينا حسبا,14,العباسي_بشار-بن-برد_01.txt,abbasid_bshar-bn-brd_01.txt
العباسي_بشار-بن-برد,abbasid_bshar-bn-brd,العباسي,بشار_بن_برد,237,2,32,2000,66125,33,العباسي__بشار_بن_برد__237.txt,ان كنت حاولت هوانا فما,ان كنت حاولت هوانا فما | علي النفس من عينها شاهد | تتابع نحو داعيها سراعا | بدا لك ضوء ما احتجبت عليه | والجد ليس بزايد في رزق من | وسهرتم في المكرمات وكسبها | طرقتنا ذات البنان الاحم | وقوم ينظرون الي شزرا | نهاني امير المومنين عن الصبا | ووطيت ارديه الفتوه كلها | يا ابا الفضل لا تنم | وصاحب نافع لي طول صحبته | وعي الفعال كعي المقال | انس غراير ما هممن بريبه | يزدحم الناس علي بابه | اذا ابتسمت جادت جفوني بوابل | ايشتم عرضي الباهلي بعرضه | ولن تبلغ العليا بغير الدراهم | افيضا دما ان الرزايا لها قيم | وافسي من الظربان في ليله الكري | اذا اكره الخطي فينا وفيهم | ابا احمد طال انتظاري ثلاثه | ان النساء مضييات ظواهرها | وكل موجود اذا ما ناي | وذات دل كان البدر صورتها | امثل بني مضر وايل | ودعجاء المحاجر من معد | ربما يثقل الجليس وان كا | وغاده سوداء براقه | شط بسلمي عاجل البين | دعا بفراق من تهوي ابان | ان امس منقبض اليدين عن الغني | وقايل هات شوقنا فقلت له | نظرت عيني لحيني | امامه قد وصفت لنا بحسن | خليفه يزني بعماته | بكي حريب فوقره بتعزيه | والله لولا رضي الخليفه ما | عتبت علي الزمان واي حي | خليلي من كعب اعينا اخاكما | اذا سلم المسكين طار فواده | حتي متي ليت شعري يابن يقطين | خلقوا ساده فكانوا سواء | قالوا العمي منظر قبيح | من فتاه صب الجمال عليها | اذا الحرب قامت بهم شمروا | سيدي خذ بي اتانا | انا المرعث لا اخفي علي احد | حشاشه ودعتني يوم بينهم | هل تعلمين وراء الحب منزله | من زادنا النقد زدنا في مودته | قد اذهب الداء حسادي بكثرتهم | حسب قلبي ما به من حبها | اهم بان اقول وددت اني | احب بان اكون علي بيان | وحمد كعصب البرد حملت صاحبي | وجاريه يغلي بامثالها الفتي | ان دهرا يضم شملي بسلمي | دارت له الكاس حتي زاح باطله | خير اخوانك المشارك في المر | يا سواه يكثر الشيطان ان ذكرت | كانها روضه منوره | انني اشتهي لقاءك والل | ان المليحه من تزين حليها | امن تجني حبيب راح غضبانا | بانت بقلبي صفراء رادعه | حتام قلبي مشغول بذكركم | ايها الجاهل المباهي بريدا | الا يا قوم خلوني وشاني | قوم اذا ما اتي الاضياف منزلهم | لا والذي خص منك بالحزن | اعتقت ما املك ان لم اكن | من كل مشتهر في كف مشتهر | وكالسيف ان لا ينته لان متنه | لقبيح في الناس من غير جرم | تخطتك المقادر والرزايا | وقد تراها اذ لنا ودها | الله صورها وصيرها | لا الطير تلقط حبا في سباسبها | قد نام واش وغاب ذو حسد | غدا مالك بملاماته | هل لك في مالي وعرضي معا | عبد مني وانعمي | وهاجره نصبت لها جبيني | وقفت بها القلوص ففاض دمعي,85,العباسي_بشار-بن-برد_02.txt,abbasid_bshar-bn-brd_02.txt
الأندلسي_ابن-نباتة-المصري,andalusi_abn-nbath-almsry,الأندلسي,ابن_نباتة_المصري,195,1,0,2000,136419,68,الأندلسي__ابن_نباتة_المصري__195.txt,شجون نحوها العشاق فاوا,شجون نحوها العشاق فاوا | قام يرنو بمقله كحلاء | اودت فعالك يا اسما باحشايي | ليل وصل معطر الارجاء | ليلاي كم ليله بالشعر ليلاء,5,الأندلسي_ابن-نباتة-المصري_01.txt,andalusi_abn-nbath-almsry_01.txt
الأندلسي_ابن-نباتة-المصري,andalusi_abn-nbath-almsry,الأندلسي,ابن_نباتة_المصري,195,2,67,2000,136419,68,الأندلسي__ابن_نباتة_المصري__195.txt,صرفت فعلي في الاسي وقولي,صرفت فعلي في الاسي وقولي | اثني شذا الروض علي فضل السحب | لهفي علي غاده اذا اسفرت | زحفت بيض الظبا لما رنا,4,الأندلسي_ابن-نباتة-المصري_02.txt,andalusi_abn-nbath-almsry_02.txt
الأندلسي_عبد-الغفار-الأخرس,andalusi_abd-alghfar-alakhrs,الأندلسي,عبد_الغفار_الأخرس,262,1,0,2000,107188,53,الأندلسي__عبد_الغفار_الأخرس__262.txt,اتذكر اطلالا تعفت وارسما,اتذكر اطلالا تعفت وارسما | وميض البرق هيج منك وجدا | اذا نبت الديار بحر قوم | بلغت بحمد الله ما انا طالب | اتراك تعرف علتي وشفايي,5,الأندلسي_عبد-الغفار-الأخرس_01.txt,andalusi_abd-alghfar-alakhrs_01.txt
الأندلسي_عبد-الغفار-الأخرس,andalusi_abd-alghfar-alakhrs,الأندلسي,عبد_الغفار_الأخرس,262,2,52,2000,107188,53,الأندلسي__عبد_الغفار_الأخرس__262.txt,يا معشر الساده الاسراف لا برحت,يا معشر الساده الاسراف لا برحت | هنيت مولانا المشير بابنه | رعي الله عيشا رحت اشكر فضله | علي اي وجد طويت الضلوعا | يا سيدا ساد في الاشراف اجمعها | يا بني الشيخ والغياث المرجي | مولاي قد حان الوداع | بروحك يا سليمي ما لقلبي | قد ذكرناكم علي بعد المزار | سيحظي شهاب الدين فيما يرومه | بدا مستهلا بالبشاره يهتف | قطب تدور عليه افلاك الهدي | الله يعلم والانام شهود | اتتنا من الزوراء منكم قصيده | علموا ياسعد جيران الغضا | اذا اضطرم البرق اليماني في الدجي | تلفت في منازل ال مي | في رحمه الله حل شيخ | انما هذا لعمري مركب | قال لي صاحبي ونحن بسلع | وقف الربع علي مرتبع,21,الأندلسي_عبد-الغفار-الأخرس_02.txt,andalusi_abd-alghfar-alakhrs_02.txt
الأندلسي_صفي-الدين-الحلي,andalusi_sfy-aldyn-alhly,الأندلسي,صفي_الدين_الحلي,256,1,0,2000,80935,40,الأندلسي__صفي_الدين_الحلي__256.txt,لين ثلمت حدي صروف النوايب,لين ثلمت حدي صروف النوايب | الست تري ما في العيون من السقم | سلي الرماح العوالي عن معالينا | لمن الشوازب كالنعام الجفل | ولما مدت الاعداء باعا,5,الأندلسي_صفي-الدين-الحلي_01.txt,andalusi_sfy-aldyn-alhly_01.txt
الأندلسي_صفي-الدين-الحلي,andalusi_sfy-aldyn-alhly,الأندلسي,صفي_الدين_الحلي,256,2,39,2000,80935,40,الأندلسي__صفي_الدين_الحلي__256.txt,غير مجد مع صحه وفراغ,غير مجد مع صحه وفراغ | فتك اللواحظ والقدود الهيف | قفي ودعينا قبل وشك التفرق | كفي القتال وفكي قيد اسراك | لم ادر ان نبال الغنج والكحل | مغانم صفو العيش اسني المغانم | نعم لقلوب العاشقين عيون | هل علم الطيف عند مسراه,8,الأندلسي_صفي-الدين-الحلي_02.txt,andalusi_sfy-aldyn-alhly_02.txt
الأندلسي_حيدر-بن-سليمان-الحلي,andalusi_hydr-bn-slyman-alhly,الأندلسي,حيدر_بن_سليمان_الحلي,246,1,0,2000,72283,36,الأندلسي__حيدر_بن_سليمان_الحلي__246.txt,اي بشري كست الدنيا بهاءا,اي بشري كست الدنيا بهاءا | حبست رجايي عن الباخلين | مني القصد وتحقيق الرجاء | يابن الامام العسكري ومن | هي دار غيبته فحي قبابها | امير المومنين اغث صريخا | حزت بالكاظمين شانا كبيرا | كذا يظهر المعجز الباهر,8,الأندلسي_حيدر-بن-سليمان-الحلي_01.txt,andalusi_hydr-bn-slyman-alhly_01.txt
الأندلسي_حيدر-بن-سليمان-الحلي,andalusi_hydr-bn-slyman-alhly,الأندلسي,حيدر_بن_سليمان_الحلي,246,2,35,2000,72283,36,الأندلسي__حيدر_بن_سليمان_الحلي__246.txt,اما والهوي العذري ما بت ساليا,اما والهوي العذري ما بت ساليا | اتي اليوم حاتم اهل النهي | ان يطو مصباح المكارم ضارح | ذا محمد رشيد باشا بباني | وليله قد ولدت بصبحها | لقد ولدت ام المفاخر ماجدا | الا بكر الناعي بثاو ثواءه | عج لنادي التقي وحي البشيرا | قل لام العلي ولدت كريما | بشري بمولود به ابتهج الزمن | وقف المجد ناعيا عند قبر | للمصطفي والحسن الفعل معا | نسيت في عرفانك الحكماء | ارب القوافي قد غدا لك مذعنا | هذا كتاب ام حديقه روضه | يا ابا الفضل كلما قلت شعرا | انطقت بارعه يري | طرح الدهر في حمي المجد رحله | هو طرس ام خد عذراء تجلي | اكرر الطرف لا اري ابدا | وحش من الانس من يعلق بصحبتهم | كم تراني استولد الاوقانا | ان يبلغنك عن جود امريء خبر | افلان لا تبغي الثناء فما | فويل القريض لقد اصبحت | سعدت من عشيه زار فيها | اهذا نبي الهدي احمد,27,الأندلسي_حيدر-بن-سليمان-الحلي_02.txt,andalusi_hydr-bn-slyman-alhly_02.txt
الأندلسي_ابن-دارج-القسطلي,andalusi_abn-darj-alqstly,الأندلسي,ابن_دارج_القسطلي,181,1,0,2000,58320,29,الأندلسي__ابن_دارج_القسطلي__181.txt,لك الله بالنصر العزيز كفيل,لك الله بالنصر العزيز كفيل | هل انت مدرك امالي فمحييها | اضاء لها فجر النهي فنهاها | انضيت خيلي في الهوي وركابي | منن بايسر شكرها اعييتني | محلك بالدنيا وبالدين اهل | لين سرت الدنيا فانت سرورها | فديناك سيفا لم تخنه مضاربه,8,الأندلسي_ابن-دارج-القسطلي_01.txt,andalusi_abn-darj-alqstly_01.txt
الأندلسي_ابن-دارج-القسطلي,andalusi_abn-darj-alqstly,الأندلسي,ابن_دارج_القسطلي,181,2,28,2000,58320,29,الأندلسي__ابن_دارج_القسطلي__181.txt,لولا التحرج لم يحجب محياك,لولا التحرج لم يحجب محياك | اصخ نحوي لدعوه مستقيل | ومحق الشهر كمال البدر | اذا شذت عن العرب المعاني فليس الي تعرفها سبيل | تركت قلبي بغير صبر | يا عاكفين علي المدام تنبهوا | اجد الكلام اذا نطقت فانما | سامي التليل كان عقد عذاره | وما اسفي الا علي فوت رتبه | غريب تحلت بادابه | لك الفوز من صوم زكي ومن فطر | تبين شمل الدين انك ناظمه,12,الأندلسي_ابن-دارج-القسطلي_02.txt,andalusi_abn-darj-alqstly_02.txt
الأندلسي_عبد-الجبار-بن-حمديس,andalusi_abd-aljbar-bn-hmdys,الأندلسي,عبد_الجبار_بن_حمديس,260,1,0,2000,57415,28,الأندلسي__عبد_الجبار_بن_حمديس__260.txt,الي متي منكم هجري واقصايي,الي متي منكم هجري واقصايي | نفي هم شيبي سرور الشباب | اشرب علي بركه نيلوفر | زارت علي الخوف من رقيب | ودجنه كالنفس صب علي الثري | اراك ركبت في الاهوال بحرا | فارقتكم وفراقكم صعب | من لي بطيب الوصل من غاده | وجد عن الدمع فض الختم فانسكبا | صب يذوب الي لقاء مذيبه | طربت متي كنت غير الطروب | الا كم تسمع الزمن العتابا | هل اقصر الدهر عن تعنيت ذي ادب | اذبت فوادي يا فديتك بالعتب | وجسم له من غيره روح لذه | اصبحت جذلان طيب العربه | يا حسن ساقيه تمد اناملا | لعمري لقد ظنوا الظنون وايقنوا,18,الأندلسي_عبد-الجبار-بن-حمديس_01.txt,andalusi_abd-aljbar-bn-hmdys_01.txt
الأندلسي_عبد-الجبار-بن-حمديس,andalusi_abd-aljbar-bn-hmdys,الأندلسي,عبد_الجبار_بن_حمديس,260,2,27,2000,57415,28,الأندلسي__عبد_الجبار_بن_حمديس__260.txt,بكي الناس قبلي فقد الشباب,بكي الناس قبلي فقد الشباب | اني امرو لا تري لساني | وفضفاضه خضراء ذات حبايك | يد الدهر جارحه اسيه | شفايي من الالام في الشفه اللميا | هل اقال الحمام عثره حي | غزوت عدوك في ارضه | كيف ترجو ان تكون سعيدا | اباد حياتي الموت ان كنت ساليا | لا اركب البحر خوفا | يا سالبا قمر السماء جماله | امطتك همتك العزيمه فاركب | ما زلت اشرب كاسه من كفه | مصفره الجسم وهي ناحله | قبس بكف مديرها ام كوكب | تخالفت النيات يوم تحملوا | انظرهما في الظلام قد نجما | وكانما شمس الظهيره ناره | وكانها نون تمط وعينها,19,الأندلسي_عبد-الجبار-بن-حمديس_02.txt,andalusi_abd-aljbar-bn-hmdys_02.txt
الأندلسي_لسان-الدين-الخطيب,andalusi_lsan-aldyn-alkhtyb,الأندلسي,لسان_الدين_الخطيب,290,1,0,2000,46153,23,الأندلسي__لسان_الدين_الخطيب__290.txt,وسواس حليك ام هم الرقباء,وسواس حليك ام هم الرقباء | وخف لتوديعي وتشييع رحلتي | يا محلا لخلتي وانتخايي | سيدي انت عمدتي فاحتملني | اليك مددت الكف في كل لاواء | يا جمله الفضل والوفاء | مولاي انت فدايي | صدع الظلام بها وحث كووسها | بشري يقوم لها الزمان خطيبا | هي اسعد ما دونهن حجاب | خطب الم فاذهب الاخ والابا | اهلا بمقدمك السني ومرحبا | وليله انس باح منا بها الهوي | سقي طلل الحي الذي انتم به | زارت وقد صرف العنان الغيهب,15,الأندلسي_لسان-الدين-الخطيب_01.txt,andalusi_lsan-aldyn-alkhtyb_01.txt
الأندلسي_لسان-الدين-الخطيب,andalusi_lsan-aldyn-alkhtyb,الأندلسي,لسان_الدين_الخطيب,290,2,22,2000,46153,23,الأندلسي__لسان_الدين_الخطيب__290.txt,ودير انخنا في قراراته العيسا,ودير انخنا في قراراته العيسا | طرقنا ديور القوم وهنا وتليسا | يا واحد العليا بلا الباس | وعصبه شر من يهود لقيتها | يا هلالا يا قضيبا يا رشا | يا حبيبا من لعيني ان تراه | ابا العلاء تلقاك الزمان بما | دعوتك للود الذي جنباته | عهد الشباب سقي ايامك الاولا | تذكرت عهدا للشباب الذي ولي | وفدت عقيلتك التي اهديتها | وجودك حيي الملك والدين والدنيا,12,الأندلسي_لسان-الدين-الخطيب_02.txt,andalusi_lsan-aldyn-alkhtyb_02.txt
الأندلسي_ابن-شهاب,andalusi_abn-shhab,الأندلسي,ابن_شهاب,187,1,0,2000,41275,20,الأندلسي__ابن_شهاب__187.txt,لذي سلم والبان لولاك لم اهوي,لذي سلم والبان لولاك لم اهوي | ساد رسل الله طه احمد | فقا وانثرا دمعا علي التراب احمرا | خذوا الحذر ان تطوفوا بخيامها,4,الأندلسي_ابن-شهاب_01.txt,andalusi_abn-shhab_01.txt
الأندلسي_ابن-شهاب,andalusi_abn-shhab,الأندلسي,ابن_شهاب,187,2,19,2000,41275,20,الأندلسي__ابن_شهاب__187.txt,من ذاق طعم شراب القوم يدريه,من ذاق طعم شراب القوم يدريه | جنايه ليس بالمسوول جانيها | علام التمادي في مكابده البلوي | ست الحسان لماذا | بدت فاغاظت القمر الضويا | لقد رابني من عامر ان عامرا | حسب الاباء مجد باذخ | ولد الحسين فمرحبا بلقيه,8,الأندلسي_ابن-شهاب_02.txt,andalusi_abn-shhab_02.txt
الأندلسي_الهبل,andalusi_alhbl,الأندلسي,الهبل,233,1,0,2000,34541,17,الأندلسي__الهبل__233.txt,من ذا الي عدله انهي شكاياتي,من ذا الي عدله انهي شكاياتي | عذرا فقد حارت العقول | معاذي ان عاذ اللهيف ولاذا | اصبحت منقادا لامرك واثقا | واسوء حالي في غد | يا عادلا في حكمه لا يظلم | اضعت العمر في اصلاح حالك | هي الدنيا وانت بها خبير | اين استقر السلف الاول | اطول حزني في غد وتحسري | قد استبان الحق للمبصر | ايها المختال كبرا | دار الحياه غرور | الم يان ان تستقيل العثارا | رويدك من كسب الذنوب فانت لا | اجاهد النفس ان تمادت | سماعك بالنار يا ذا الحجي | ايها المقتر شحا لا تخف | افزع الي الباري وكن | ثق بالذي خلق الوري | شباب غير مذموم تولي | رضيت بربي عن خلقه | لخالقنا سبحانه الحل والعقد | لا تطير وثق بربك تلقاه | دارست كل عصابه في فنهم | قالوا امتدح سيد الكونين قلت لهم | ماذا اقول مادحا في مرسل | مديحك القول يشفي السامعين له | ملكتم فوادا ليس يدخله العذل,29,الأندلسي_الهبل_01.txt,andalusi_alhbl_01.txt
الأندلسي_الهبل,andalusi_alhbl,الأندلسي,الهبل,233,2,16,2000,34541,17,الأندلسي__الهبل__233.txt,يبكي عليكم محب ذاب من اسف,يبكي عليكم محب ذاب من اسف | يا قبر احمد كم حويت | قتلوا الوارم ظلما واتوا | رمنا الفخار فنلنا منه ما شينا | ااطيع العذول في السلوان | سقي العقيق فالديار فاللوي | الا خبرا عن رامه ايها الركب | سري طيفها والنجم في الافق كالعقد | لحي الله شخصا يرتضي بمعيشه | وغيداء لا تنفك تملي عيونها | زمان علي الاحرار قد جار في الحكم | الي كم ينال الارذلون مناهم,12,الأندلسي_الهبل_02.txt,andalusi_alhbl_02.txt
الأندلسي_ابن-هانئ-الأندلسي,andalusi_abn-hany-alandlsy,الأندلسي,ابن_هانئ_الأندلسي,196,1,0,2000,34232,17,الأندلسي__ابن_هانئ_الأندلسي__196.txt,الحب حيث المعشر الاعداء,الحب حيث المعشر الاعداء | يا رب كل كتيبه شهباء | تقدم خطي او تاخر خطي | الا كل ات قريب المدي,4,الأندلسي_ابن-هانئ-الأندلسي_01.txt,andalusi_abn-hany-alandlsy_01.txt
الأندلسي_ابن-هانئ-الأندلسي,andalusi_abn-hany-alandlsy,الأندلسي,ابن_هانئ_الأندلسي,196,2,16,2000,34232,17,الأندلسي__ابن_هانئ_الأندلسي__196.txt,كفي فايسر من مرد عناني,كفي فايسر من مرد عناني | انظر اليه وفي التحريك تسكين | قولا لمعتقل الرمح الرديني | اقوي المحصب من هاد ومن هيد,4,الأندلسي_ابن-هانئ-الأندلسي_02.txt,andalusi_abn-hany-alandlsy_02.txt
القرآن-الكريم,quran,القرآن_الكريم,القرآن_الكريم,QURAN,1,0,2000,78000,39,aggregated_quran_from_q_samples,Quran chunk 1,Quran chunk 1,1,القرآن_الكريم_01.txt,quran_01.txt
القرآن-الكريم,quran,القرآن_الكريم,القرآن_الكريم,QURAN,2,4,2000,78000,39,aggregated_quran_from_q_samples,Quran chunk 5,Quran chunk 5,1,القرآن_الكريم_02.txt,quran_02.txt
القرآن-الكريم,quran,القرآن_الكريم,القرآن_الكريم,QURAN,3,8,2000,78000,39,aggregated_quran_from_q_samples,Quran chunk 9,Quran chunk 9,1,القرآن_الكريم_03.txt,quran_03.txt
القرآن-الكريم,quran,القرآن_الكريم,القرآن_الكريم,QURAN,4,12,2000,78000,39,aggregated_quran_from_q_samples,Quran chunk 13,Quran chunk 13,1,القرآن_الكريم_04.txt,quran_04.txt
القرآن-الكريم,quran,القرآن_الكريم,القرآن_الكريم,QURAN,5,16,2000,78000,39,aggregated_quran_from_q_samples,Quran chunk 17,Quran chunk 17,1,القرآن_الكريم_05.txt,quran_05.txt
القرآن-الكريم,quran,القرآن_الكريم,القرآن_الكريم,QURAN,6,21,2000,78000,39,aggregated_quran_from_q_samples,Quran chunk 22,Quran chunk 22,1,القرآن_الكريم_06.txt,quran_06.txt
القرآن-الكريم,quran,القرآن_الكريم,القرآن_الكريم,QURAN,7,25,2000,78000,39,aggregated_quran_from_q_samples,Quran chunk 26,Quran chunk 26,1,القرآن_الكريم_07.txt,quran_07.txt
القرآن-الكريم,quran,القرآن_الكريم,القرآن_الكريم,QURAN,8,29,2000,78000,39,aggregated_quran_from_q_samples,Quran chunk 30,Quran chunk 30,1,القرآن_الكريم_08.txt,quran_08.txt
القرآن-الكريم,quran,القرآن_الكريم,القرآن_الكريم,QURAN,9,33,2000,78000,39,aggregated_quran_from_q_samples,Quran chunk 34,Quran chunk 34,1,القرآن_الكريم_09.txt,quran_09.txt
القرآن-الكريم,quran,القرآن_الكريم,القرآن_الكريم,QURAN,10,38,2000,78000,39,aggregated_quran_from_q_samples,Quran chunk 39,Quran chunk 39,1,القرآن_الكريم_10.txt,quran_10.txt
