before,after,occurrences
ان,إن,966
علي,على,670
الا,إلا,664
ان,أن,638
الي,إلى,405
الارض,الأرض,287
او,أو,280
امنوا,آمنوا,263
وان,وإن,254
اذا,إذا,221
فان,فإن,168
اذ,إذ,165
والارض,والأرض,157
انا,إنا,156
ايها,أيها,150
انه,إنه,147
حتي,حتى,142
واذا,وإذا,134
اوليك,أولئك,133
ام,أم,131
اني,إني,131
موسي,موسى,129
انما,إنما,113
الا,ألا,99
انزل,أنزل,95
فاذا,فإذا,87
يومنون,يؤمنون,86
انتم,أنتم,80
الم,ألم,78
المومنين,المؤمنين,78
اليك,إليك,77
شييا,شيئا,77
اليه,إليه,76
اله,إله,73
انفسهم,أنفسهم,72
واذ,وإذ,72
الاخره,الآخرة,71
القيامه,القيامة,70
وان,وأن,69
انا,أنا,66
يوميذ,يومئذ,65
انهم,إنهم,63
الحياه,الحياة,63
اصحاب,أصحاب,62
ابراهيم,إبراهيم,62
الصلاه,الصلاة,58
الانسان,الإنسان,58
باياتنا,بآياتنا,57
الجنه,الجنة,56
اهل,أهل,56
اعلم,أعلم,55
انت,أنت,55
اليم,أليم,52
ايات,آيات,52
ارسلنا,أرسلنا,51
انك,إنك,50
امه,أمة,49
ايه,آية,47
فاوليك,فأولئك,46
وانتم,وأنتم,45
افلا,أفلا,45
الانهار,الأنهار,43
القران,القرآن,43
اسراييل,إسرائيل,42
امر,أمر,41
هولاء,هؤلاء,41
انهم,أنهم,41
اليهم,إليهم,40
وعلي,وعلى,39
هدي,هدى,38
الملايكه,الملائكة,38
انفسكم,أنفسكم,38
اكثرهم,أكثرهم,38
امنا,آمنا,37
اولم,أولم,35
الساعه,الساعة,35
فباي,فبأي,35
بايات,بآيات,34
مومنين,مؤمنين,34
اياتنا,آياتنا,34
رحمه,رحمة,34
اولياء,أولياء,34
الاء,آلاء,34
وانا,وإنا,33
ايديهم,أيديهم,33
ولين,ولئن,33
اوتوا,أوتوا,32
احسن,أحسن,32
الامر,الأمر,32
اليكم,إليكم,32
اجر,أجر,32
انكم,إنكم,31
اياته,آياته,31
الايات,الآيات,31
اكثر,أكثر,31
الاولين,الأولين,31
احد,أحد,30
فانما,فإنما,30
الاخر,الآخر,29
لايات,لآيات,29
واحده,واحدة,29
واما,وأما,28
اشد,أشد,28
ابدا,أبدا,28
لين,لئن,28
امن,آمن,27
اعمالهم,أعمالهم,27
والي,وإلى,27
يومن,يؤمن,27
عاقبه,عاقبة,27
الزكاه,الزكاة,26
بانهم,بأنهم,26
وانا,وأنا,26
واوليك,وأولئك,25
انزلنا,أنزلنا,25
الي,إلي,25
وانه,وإنه,24
ورحمه,ورحمة,24
انه,أنه,23
باذن,بإذن,23
اجمعين,أجمعين,23
قريه,قرية,23
اجل,أجل,23
فاما,فأما,22
ال,آل,22
بلي,بلى,22
فتنه,فتنة,22
ياتي,يأتي,22
الهدي,الهدى,22
واليه,وإليه,22
المومنون,المؤمنون,22
اجرا,أجرا,22
بالاخره,بالآخرة,21
مسمي,مسمى,21
وكفي,وكفى,21
عسي,عسى,21
ادم,آدم,20
اول,أول,20
اولو,أولو,20
ايام,أيام,20
لايه,لآية,20
اموالهم,أموالهم,20
احدا,أحدا,20
اخاف,أخاف,20
اتينا,آتينا,19
الينا,إلينا,19
والاخره,والآخرة,19
انما,أنما,19
تري,ترى,19
قوه,قوة,19
اراد,أراد,18
اكبر,أكبر,18
جنه,جنة,18
كلمه,كلمة,18
اظلم,أظلم,17
امرا,أمرا,17
بان,بأن,17
حسنه,حسنة,17
مغفره,مغفرة,17
طايفه,طائفة,17
افمن,أفمن,17
الهه,آلهة,17
القري,القرى,17
الملا,الملأ,17
الموتي,الموتى,16
عيسي,عيسى,16
وهدي,وهدى,16
اتيناهم,آتيناهم,16
الها,إلها,16
اولي,أولي,16
الالباب,الألباب,16
نعمه,نعمة,16
تتلي,تتلى,16
امرنا,أمرنا,16
اهلها,أهلها,16
تاتيهم,تأتيهم,16
اهلكنا,أهلكنا,16
واتوا,وآتوا,15
انها,إنها,15
فانه,فإنه,15
للمومنين,للمؤمنين,15
وبيس,وبئس,15
ياتيهم,يأتيهم,15
اني,أنى,15
ايمانكم,أيمانكم,15
التوراه,التوراة,15
اني,أني,15
اخري,أخرى,15
ايمانهم,أيمانهم,15
سنه,سنة,14
اهله,أهله,14
اوتي,أوتي,14
اين,أين,14
والملايكه,والملائكة,14
دابه,دابة,14
انكم,أنكم,14
بينه,بينة,14
ازواجا,أزواجا,14
واني,وإني,14
افتري,افترى,14
واطيعوا,وأطيعوا,14
السييات,السيئات,14
اليما,أليما,14
الانعام,الأنعام,14
اوحينا,أوحينا,14
وانت,وأنت,14
يستهزيون,يستهزئون,14
ارايتم,أرأيتم,14
يوحي,يوحى,14
انزلناه,أنزلناه,14
مره,مرة,14
المدينه,المدينة,14
الاولي,الأولى,14
الامور,الأمور,13
الحسني,الحسنى,13
اليس,أليس,13
بغته,بغتة,13
اعبد,أعبد,13
واما,وإما,13
وانه,وأنه,13
الاخرين,الآخرين,13
ادراك,أدراك,13
وانزل,وأنزل,12
وانزلنا,وأنزلنا,12
اجرهم,أجرهم,12
اخذنا,أخذنا,12
يومنوا,يؤمنوا,12
سييه,سيئة,12
القربي,القربى,12
اشركوا,أشركوا,12
بامره,بأمره,12
ارسلناك,أرسلناك,12
اهواءهم,أهواءهم,12
امن,أمن,12
بايه,بآية,12
اخذ,أخذ,12
وتري,وترى,12
راي,رأى,12
امرهم,أمرهم,12
افلم,أفلم,12
ابليس,إبليس,11
واقيموا,وأقيموا,11
كانهم,كأنهم,11
والحكمه,والحكمة,11
اموالكم,أموالكم,11
ثلاثه,ثلاثة,11
مومن,مؤمن,11
احق,أحق,11
كثيره,كثيرة,11
انفقوا,أنفقوا,11
تاكلون,تأكلون,11
واطيعون,وأطيعون,11
اضل,أضل,11
وانهم,وإنهم,11
اسالكم,أسألكم,11
فاني,فأنى,11
امين,أمين,11
واصحاب,وأصحاب,11
والمومنات,والمؤمنات,11
ااذا,أإذا,11
نطفه,نطفة,11
فاتوا,فأتوا,10
نومن,نؤمن,10
القريه,القرية,10
قضي,قضى,10
يات,يأت,10
مصيبه,مصيبة,10
اباءنا,آباءنا,10
اخيه,أخيه,10
ذريه,ذرية,10
فانهم,فإنهم,10
ايديكم,أيديكم,10
كان,كأن,10
وانفسهم,وأنفسهم,10
فاخذتهم,فأخذتهم,10
فانا,فإنا,10
امره,أمره,10
باسنا,بأسنا,10
والشهاده,والشهادة,10
اياتي,آياتي,10
ارسل,أرسل,10
اخرج,أخرج,10
اذن,أذن,10
الاعراب,الأعراب,10
راوا,رأوا,10
الاحزاب,الأحزاب,10
الامثال,الأمثال,10
اخر,آخر,10
ابصارهم,أبصارهم,9
استوي,استوى,9
للملايكه,للملائكة,9
انزلت,أنزلت,9
ادني,أدنى,9
اكون,أكون,9
واسماعيل,وإسماعيل,9
مله,ملة,9
واسحاق,وإسحاق,9
اعمالكم,أعمالكم,9
يسالونك,يسألونك,9
تولي,تولى,9
باذنه,بإذنه,9
متي,متى,9
اقرب,أقرب,9
فاخذهم,فأخذهم,9
لاولي,لأولي,9
الابصار,الأبصار,9
طيبه,طيبة,9
تومنوا,تؤمنوا,9
مثوي,مثوى,9
نبا,نبأ,9
واتيناه,وآتيناه,9
فاصبحوا,فأصبحوا,9
اقول,أقول,9
فانك,فإنك,9
اساطير,أساطير,9
امم,أمم,9
لابيه,لأبيه,9
اوحي,أوحي,9
والانس,والإنس,9
اما,إما,9
اغني,أغنى,9
اجري,أجري,9
قرانا,قرآنا,9
اانا,أإنا,9
الاعلي,الأعلى,9
ليله,ليلة,8
الف,ألف,8
امنتم,آمنتم,8
اياه,إياه,8
تاكلوا,تأكلوا,8
وانفقوا,وأنفقوا,8
العزه,العزة,8
ياتيكم,يأتيكم,8
مايه,مائة,8
واقاموا,وأقاموا,8
والانجيل,والإنجيل,8
انثي,أنثى,8
انباء,أنباء,8
اولي,أولى,8
اتاهم,آتاهم,8
اخرين,آخرين,8
باموالهم,بأموالهم,8
يشا,يشأ,8
واوحينا,وأوحينا,8
الاثم,الإثم,8
اريد,أريد,8
واصلح,وأصلح,8
اعرض,أعرض,8
ابواب,أبواب,8
اما,أما,8
ساعه,ساعة,8
اخاهم,أخاهم,8
واهله,وأهله,8
السحره,السحرة,8
القوا,ألقوا,8
ابت,أبت,8
امري,أمري,8
اقسم,أقسم,8
انعمت,أنعمت,7
بالهدي,بالهدى,7
اذانهم,آذانهم,7
ازواج,أزواج,7
الشجره,الشجرة,7
فاما,فإما,7
وامنوا,وآمنوا,7
واليتامي,واليتامى,7
واتينا,وآتينا,7
احدهم,أحدهم,7
اسلم,أسلم,7
وعيسي,وعيسى,7
اانتم,أأنتم,7
لعنه,لعنة,7
يري,يرى,7
ياكلون,يأكلون,7
احدكم,أحدكم,7
اثما,إثما,7
احل,أحل,7
اذي,أذى,7
اربعه,أربعة,7
اولادكم,أولادكم,7
فيه,فئة,7
والمومنون,والمؤمنون,7
ايمانا,إيمانا,7
فبيس,فبئس,7
سيياتهم,سيئاتهم,7
المومنات,المؤمنات,7
واعتدنا,وأعتدنا,7
فاعرض,فأعرض,7
باس,بأس,7
مومنا,مؤمنا,7
واعد,وأعد,7
اعد,أعد,7
يتلي,يتلى,7
فينبيكم,فينبئكم,7
امرت,أمرت,7
خزاين,خزائن,7
اتبع,أتبع,7
الاعمي,الأعمى,7
وتعالي,وتعالى,7
اباونا,آباؤنا,7
امنت,آمنت,7
وذكري,وذكرى,7
برحمه,برحمة,7
سته,ستة,7
فارسلنا,فأرسلنا,7
الايمان,الإيمان,7
سوره,سورة,7
سالتهم,سألتهم,7
والابصار,والأبصار,7
اهتدي,اهتدى,7
الصيحه,الصيحة,7
ابانا,أبانا,7
وتولي,وتولى,7
امنين,آمنين,7
الهكم,إلهكم,7
متكيين,متكئين,7
نادي,نادى,7
بكره,بكرة,7
تذكره,تذكرة,7
وابقي,وأبقى,7
افرايتم,أفرأيتم,7
بمومنين,بمؤمنين,6
الضلاله,الضلالة,6
اندادا,أندادا,6
اقل,أقل,6
شفاعه,شفاعة,6
نري,نرى,6
بقوه,بقوة,6
اعوذ,أعوذ,6
جيت,جئت,6
خشيه,خشية,6
احسانا,إحسانا,6
ايمانكم,إيمانكم,6
لانفسكم,لأنفسكم,6
واصلحوا,وأصلحوا,6
اثم,إثم,6
فاني,فإني,6
التقوي,التقوى,6
ياتكم,يأتكم,6
ويسالونك,ويسألونك,6
مومنه,مؤمنة,6
وصيه,وصية,6
اخرجنا,أخرجنا,6
وانك,وإنك,6
انصار,أنصار,6
تجاره,تجارة,6
واطعنا,وأطعنا,6
الارحام,الأرحام,6
الفتنه,الفتنة,6
اولادهم,أولادهم,6
والانعام,والأنعام,6
امرات,امرأت,6
ايهم,أيهم,6
يوتيه,يؤتيه,6
ايمانهم,إيمانهم,6
واكثرهم,وأكثرهم,6
وكاين,وكأين,6
وماواهم,ومأواهم,6
يغشي,يغشى,6
بافواههم,بأفواههم,6
فامنوا,فآمنوا,6
الانثيين,الأنثيين,6
ازواجكم,أزواجكم,6
اعتدنا,أعتدنا,6
امهاتكم,أمهاتكم,6
اجورهن,أجورهن,6
ذره,ذرة,6
اهدي,أهدى,6
واحسن,وأحسن,6
رايت,رأيت,6
رقبه,رقبة,6
القي,ألقى,6
واجر,وأجر,6
بالمومنين,بالمؤمنين,6
اثارهم,آثارهم,6
اتاكم,آتاكم,6
يوفكون,يؤفكون,6
اعينهم,أعينهم,6
مومنون,مؤمنون,6
الرحمه,الرحمة,6
اي,أي,6
الذكري,الذكرى,6
ذكري,ذكرى,6
اسحاق,إسحاق,6
فاخرجنا,فأخرجنا,6
الانس,الإنس,6
انني,إنني,6
زينه,زينة,6
اجلهم,أجلهم,6
ونادي,ونادى,6
فانجيناه,فأنجيناه,6
تاكل,تأكل,6
ارسلت,أرسلت,6
الحسنه,الحسنة,6
ومليه,وملئه,6
اعين,أعين,6
ايان,أيان,6
الاولون,الأولون,6
يبدا,يبدأ,6
افانت,أفأنت,6
وامرت,وأمرت,6
الاليم,الأليم,6
للانسان,للإنسان,6
ماب,مآب,6
اتي,أتى,6
سييات,سيئات,6
ملايكه,ملائكة,6
ارايت,أرأيت,6
يخشي,يخشى,6
اتاك,أتاك,6
الكبري,الكبرى,6
طغي,طغى,6
شجره,شجرة,6
يسعي,يسعى,6
صيحه,صيحة,6
فاكهه,فاكهة,6
مطهره,مطهرة,5
الاسماء,الأسماء,5
لادم,لآدم,5
واوفوا,وأوفوا,5
وانهم,وأنهم,5
شيتم,شئتم,5
عشره,عشرة,5
اناس,أناس,5
والنصاري,والنصارى,5
وموعظه,وموعظة,5
يامركم,يأمركم,5
الان,الآن,5
بالاثم,بالإثم,5
وبشري,وبشرى,5
وملايكته,وملائكته,5
بالايمان,بالإيمان,5
نصاري,نصارى,5
تسالون,تسألون,5
شهاده,شهادة,5
ابناءهم,أبناءهم,5
نسايكم,نسائكم,5
اموال,أموال,5
اتقي,اتقى,5
اشهر,أشهر,5
كافه,كافة,5
اليتامي,اليتامى,5
اجلهن,أجلهن,5
فريضه,فريضة,5
خاويه,خاوية,5
حبه,حبة,5
ومغفره,ومغفرة,5
الحكمه,الحكمة,5
سيياتكم,سيئاتكم,5
اثيم,أثيم,5
احداهما,إحداهما,5
الاخري,الأخرى,5
تاويله,تأويله,5
لعبره,لعبرة,5
اننا,إننا,5
اطيعوا,أطيعوا,5
اوتيتم,أوتيتم,5
جزاوهم,جزاؤهم,5
اعداء,أعداء,5
الادبار,الأدبار,5
قايمه,قائمة,5
اهلك,أهلك,5
اصابهم,أصابهم,5
احسنوا,أحسنوا,5
الابرار,الأبرار,5
ماواهم,مأواهم,5
اباوكم,آباؤكم,5
ياتين,يأتين,5
الفاحشه,الفاحشة,5
فعسي,فعسى,5
تومنون,تؤمنون,5
انعم,أنعم,5
موده,مودة,5
ارض,أرض,5
اناثا,إناثا,5
الانفس,الأنفس,5
ابناء,أبناء,5
املك,أملك,5
فاصبح,فأصبح,5
فتري,فترى,5
ويوتون,ويؤتون,5
واضل,وأضل,5
لبيس,لبئس,5
ياتوا,يأتوا,5
اتاهم,أتاهم,5
وموسي,وموسى,5
اخرجوا,أخرجوا,5
انشاكم,أنشأكم,5
بصاير,بصائر,5
بانفسهم,بأنفسهم,5
اشده,أشده,5
بالحسنه,بالحسنة,5
بالسييه,بالسيئة,5
وازره,وازرة,5
يامر,يأمر,5
يستاخرون,يستأخرون,5
اجيتنا,أجئتنا,5
واباوكم,وآباؤكم,5
امراته,امرأته,5
وامطرنا,وأمطرنا,5
السييه,السيئة,5
فارسل,فأرسل,5
وامر,وأمر,5
كانه,كأنه,5
اشرك,أشرك,5
اتيناه,آتيناه,5
شينا,شئنا,5
حجاره,حجارة,5
اري,أرى,5
ايمه,أئمة,5
والقران,والقرآن,5
ياكل,يأكل,5
واسروا,وأسروا,5
ايتوني,ائتوني,5
مريه,مرية,5
الهتنا,آلهتنا,5
اصاب,أصاب,5
بيس,بئس,5
رايتهم,رأيتهم,5
تاويل,تأويل,5
اعمي,أعمى,5
كفي,كفى,5
شركايي,شركائي,5
الارايك,الأرائك,5
يحيي,يحيى,5
غفله,غفلة,5
الشفاعه,الشفاعة,5
يسال,يسأل,5
ازواجهم,أزواجهم,5
امري,امرئ,5
االه,أإله,5
اواب,أواب,5
خاشعه,خاشعة,5
وابصارهم,وأبصارهم,4
اعدت,أعدت,4
باياتي,بآياتي,4
يوخذ,يؤخذ,4
ابناءكم,أبناءكم,4
واغرقنا,وأغرقنا,4
اربعين,أربعين,4
بقره,بقرة,4
مسلمه,مسلمة,4
خالصه,خالصة,4
حياه,حياة,4
ولبيس,ولبئس,4
النصاري,النصارى,4
تاتينا,تأتينا,4
اماما,إماما,4
والاسباط,والأسباط,4
احياء,أحياء,4
شعاير,شعائر,4
فاحيا,فأحيا,4
كره,كرة,4
اباوهم,آباؤهم,4
الميته,الميتة,4
والانثي,والأنثى,4
اعتدي,اعتدى,4
دعوه,دعوة,4
صدقه,صدقة,4
امنتم,أمنتم,4
اتنا,آتنا,4
انفقتم,أنفقتم,4
امركم,أمركم,4
يواخذكم,يؤاخذكم,4
ارادوا,أرادوا,4
درجه,درجة,4
اتيتموهن,آتيتموهن,4
ازكي,أزكى,4
للتقوي,للتقوى,4
يوت,يؤت,4
فات,فأت,4
اكلها,أكلها,4
يسالون,يسألون,4
وعلانيه,وعلانية,4
يخفي,يخفى,4
واخر,وأخر,4
واولو,وأولو,4
قايما,قائما,4
الاسلام,الإسلام,4
اسلموا,أسلموا,4
جيتكم,جئتكم,4
اجورهم,أجورهم,4
وانفسكم,وأنفسكم,4
افغير,أفغير,4
ويامرون,ويأمرون,4
افواههم,أفواههم,4
اذله,أذلة,4
بشري,بشرى,4
فاحشه,فاحشة,4
اراكم,أراكم,4
اصابكم,أصابكم,4
الجاهليه,الجاهلية,4
لاخوانهم,لإخوانهم,4
بنعمه,بنعمة,4
هنييا,هنيئا,4
اخوه,إخوة,4
التوبه,التوبة,4
بجهاله,بجهالة,4
بفاحشه,بفاحشة,4
جينا,جئنا,4
مرضي,مرضى,4
وايديكم,وأيديكم,4
يوتون,يؤتون,4
واتيناهم,وآتيناهم,4
اردنا,أردنا,4
اكن,أكن,4
باحسن,بأحسن,4
واسعه,واسعة,4
يرضي,يرضى,4
اذان,آذان,4
واياكم,وإياكم,4
الهوي,الهوى,4
اوفوا,أوفوا,4
وارجلكم,وأرجلكم,4
العداوه,العداوة,4
وامه,وأمه,4
احدهما,أحدهما,4
اخي,أخي,4
ياتوك,يأتوك,4
الانجيل,الإنجيل,4
اهولاء,أهؤلاء,4
والقينا,وألقينا,4
قربي,قربى,4
باذني,بإذني,4
وايه,وآية,4
واجل,وأجل,4
اغير,أغير,4
اينكم,أئنكم,4
باياته,بآياته,4
اكنه,أكنة,4
امثالكم,أمثالكم,4
فاخذناهم,فأخذناهم,4
ايتنا,ائتنا,4
احب,أحب,4
توفكون,تؤفكون,4
واعرض,وأعرض,4
واقسموا,وأقسموا,4
انها,أنها,4
ليومنوا,ليؤمنوا,4
واهلها,وأهلها,4
اجد,أجد,4
خلايف,خلائف,4
اهلكناها,أهلكناها,4
لاملان,لأملأن,4
سواتهما,سوآتهما,4
ناقه,ناقة,4
الرجفه,الرجفة,4
فتولي,فتولى,4
لتاتون,لتأتون,4
ارحم,أرحم,4
اليها,إليها,4
فتعالي,فتعالى,4
احدي,إحدى,4
يتوفي,يتوفى,4
يوتكم,يؤتكم,4
الاكبر,الأكبر,4
الفايزون,الفائزون,4
عده,عدة,4
ياتون,يأتون,4
يوذون,يؤذون,4
واخرون,وآخرون,4
ايكم,أيكم,4
انذر,أنذر,4
اذقنا,أذقنا,4
بالامس,بالأمس,4
ذله,ذلة,4
اعمل,أعمل,4
واخيه,وأخيه,4
فاسال,فاسأل,4
باعيننا,بأعيننا,4
ياتيه,يأتيه,4
ظالمه,ظالمة,4
لاجل,لأجل,4
ابيكم,أبيكم,4
اخاه,أخاه,4
ابي,أبي,4
تسالهم,تسألهم,4
اعناقهم,أعناقهم,4
اسر,أسر,4
عقبي,عقبى,4
وازواجهم,وأزواجهم,4
ارسلتم,أرسلتم,4
وللمومنين,وللمؤمنين,4
الايكه,الأيكة,4
الوانه,ألوانه,4
والافيده,والأفئدة,4
يوذن,يؤذن,4
مسيولا,مسئولا,4
احاط,أحاط,4
اساور,أساور,4
اهلكناهم,أهلكناهم,4
وامن,وآمن,4
افرايت,أفرأيت,4
اتيكم,آتيكم,4
النجوي,النجوى,4
افلح,أفلح,4
تزكي,تزكى,4
الهتكم,آلهتكم,4
ادري,أدري,4
علقه,علقة,4
اباءهم,آباءهم,4
افك,إفك,4
اخوانهن,إخوانهن,4
ابايكم,آبائكم,4
واصيلا,وأصيلا,4
بلده,بلدة,4
اغرقنا,أغرقنا,4
اخوهم,أخوهم,4
راه,رآه,4
فانبتنا,فأنبتنا,4
وابراهيم,وإبراهيم,4
فيوميذ,فيومئذ,4
الماوي,المأوى,4
فضه,فضة,4
مولي,مولى,4
راضيه,راضية,4
ادبر,أدبر,4
ايحسب,أيحسب,4
انومن,أنؤمن,3
فاخرج,فأخرج,3
واعلم,وأعلم,3
ابي,أبى,3
ياتينكم,يأتينكم,3
واياي,وإياي,3
والصلاه,والصلاة,3
جهره,جهرة,3
الصاعقه,الصاعقة,3
والسلوي,والسلوى,3
فانزلنا,فأنزلنا,3
اتيناكم,آتيناكم,3
اولا,أولا,3
بايديهم,بأيديهم,3
اياما,أياما,3
معدوده,معدودة,3
تهوي,تهوى,3
بيسما,بئسما,3
تسالوا,تسألوا,3
اجره,أجره,3
اياتك,آياتك,3
اصطفي,اصطفى,3
اعمالنا,أعمالنا,3
قبله,قبلة,3
ليلا,لئلا,3
حجه,حجة,3
الاموال,الأموال,3
القوه,القوة,3
وراوا,ورأوا,3
الاسباب,الأسباب,3
واتي,وآتى,3
باحسان,بإحسان,3
والاقربين,والأقربين,3
فديه,فدية,3
ابوابها,أبوابها,3
راسه,رأسه,3
اباءكم,آباءكم,3
سعي,سعى,3
فهدي,فهدى,3
فاخوانكم,فإخوانكم,3
نسايهم,نسائهم,3
فامسكوهن,فأمسكوهن,3
اردتم,أردتم,3
اتيتم,آتيتم,3
عقده,عقدة,3
يوتي,يؤتي,3
وال,وآل,3
افرغ,أفرغ,3
اقدامنا,أقدامنا,3
تومن,تؤمن,3
واعناب,وأعناب,3
اغنياء,أغنياء,3
موعظه,موعظة,3
واقوم,وأقوم,3
واليك,وإليك,3
كداب,كدأب,3
واخري,وأخرى,3
يامرون,يأمرون,3
يتولي,يتولى,3
امدا,أمدا,3
قايم,قائم,3
اربابا,أربابا,3
اوفي,أوفى,3
السنتهم,ألسنتهم,3
والنبوه,والنبوة,3
تامرون,تأمرون,3
الانبياء,الأنبياء,3
اناء,آناء,3
الن,ألن,3
اعقابكم,أعقابكم,3
نوته,نؤته,3
وطايفه,وطائفة,3
التقي,التقى,3
حسره,حسرة,3
وماواه,ومأواه,3
للايمان,للإيمان,3
لانفسهم,لأنفسهم,3
ذايقه,ذائقة,3
وانما,وإنما,3
وادخل,وأدخل,3
اتوا,أتوا,3
مثني,مثنى,3
والاقربون,والأقربون,3
امراه,امرأة,3
اخت,أخت,3
فاعرضوا,فأعرضوا,3
مبينه,مبينة,3
واثما,وإثما,3
باموالكم,بأموالكم,3
كباير,كبائر,3
وجينا,وجئنا,3
امروا,أمروا,3
واشد,وأشد,3
اينما,أينما,3
اصابك,أصابك,3
طاعه,طاعة,3
فاقيموا,فأقيموا,3
ويات,ويأت,3
واخذنا,وأخذنا,3
واكلهم,وأكلهم,3
وايوب,وأيوب,3
انزله,أنزله,3
بهيمه,بهيمة,3
ينبيهم,ينبئهم,3
فانها,فإنها,3
ويلتي,ويلتى,3
فكانما,فكأنما,3
كفاره,كفارة,3
دايره,دائرة,3
انبيكم,أنبئكم,3
ارجلهم,أرجلهم,3
وارسلنا,وأرسلنا,3
اهواء,أهواء,3
ايمان,أيمان,3
اجلا,أجلا,3
فاهلكناهم,فأهلكناهم,3
استهزي,استهزئ,3
نبا,نبإ,3
اتاكم,أتاكم,3
وانذر,وأنذر,3
ابايهم,آبائهم,3
اعناب,أعناب,3
فينبيهم,فينبئهم,3
اجرموا,أجرموا,3
كانما,كأنما,3
ثمانيه,ثمانية,3
ايمانها,إيمانها,3
يجزي,يجزى,3
اتقولون,أتقولون,3
والامر,والأمر,3
فاتنا,فأتنا,3
اسماء,أسماء,3
فياخذكم,فيأخذكم,3
الناقه,الناقة,3
ابلغتكم,أبلغتكم,3
اتاتون,أتأتون,3
اشياءهم,أشياءهم,3
فالقي,فألقى,3
ارضكم,أرضكم,3
واخاه,وأخاه,3
المداين,المدائن,3
لاجرا,لأجرا,3
وانكم,وإنكم,3
اذن,آذن,3
والعاقبه,والعاقبة,3
فاغرقناهم,فأغرقناهم,3
واورثنا,وأورثنا,3
الالواح,الألواح,3
اسفا,أسفا,3
والقي,وألقى,3
اخذتهم,أخذتهم,3
شيت,شئت,3
ياتهم,يأتهم,3
فاتبعه,فأتبعه,3
والاصال,والآصال,3
واولادكم,وأولادكم,3
المولي,المولى,3
اسفل,أسفل,3
واخرين,وآخرين,3
بالحياه,بالحياة,3
فانزل,فأنزل,3
واخر,وآخر,3
اسس,أسس,3
واموالهم,وأموالهم,3
اتاها,أتاها,3
شركايكم,شركائكم,3
شان,شأن,3
قران,قرآن,3
البشري,البشرى,3
اقم,أقم,3
واهلك,وأهلك,3
خيفه,خيفة,3
فاسر,فأسر,3
باهلك,بأهلك,3
واقم,وأقم,3
الاحاديث,الأحاديث,3
عصبه,عصبة,3
قايل,قائل,3
الذيب,الذئب,3
ايديهن,أيديهن,3
بتاويله,بتأويله,3
اهلهم,أهلهم,3
حاجه,حاجة,3
جزاوه,جزاؤه,3
ياذن,يأذن,3
ادعو,أدعو,3
الاغلال,الأغلال,3
حليه,حلية,3
اللعنه,اللعنة,3
اناب,أناب,3
ارضنا,أرضنا,3
فاوحي,فأوحى,3
اسماعيل,إسماعيل,3
يوخرهم,يؤخرهم,3
وقران,وقرآن,3
اجلها,أجلها,3
وانبتنا,وأنبتنا,3
حما,حمإ,3
اجمعون,أجمعون,3
سبعه,سبعة,3
جيناك,جئناك,3
ادبارهم,أدبارهم,3
انك,أنك,3
انذروا,أنذروا,3
تعالي,تعالى,3
فالقوا,فألقوا,3
وايتاء,وإيتاء,3
تاتي,تأتي,3
مبصره,مبصرة,3
اقرا,اقرأ,3
العاجله,العاجلة,3
اف,أف,3
اوحي,أوحى,3
الرويا,الرؤيا,3
انعمنا,أنعمنا,3
فابي,فأبى,3
واستبرق,وإستبرق,3
اظن,أظن,3
السفينه,السفينة,3
امك,أمك,3
بالصلاه,بالصلاة,3
والينا,وإلينا,3
الايمن,الأيمن,3
لاهله,لأهله,3
انست,آنست,3
تسعي,تسعى,3
ادلكم,أدلكم,3
ارتضي,ارتضى,3
واباءهم,وآباءهم,3
تمني,تمنى,3
لعلي,لعلى,3
انشانا,أنشأنا,3
واباونا,وآباؤنا,3
ورايهم,ورائهم,3
اربع,أربع,3
ايه,أيه,3
كانها,كأنها,3
مباركه,مباركة,3
يلقي,يلقى,3
نشا,نشأ,3
الامين,الأمين,3
ولي,ولى,3
القي,ألقي,3
امه,أمه,3
فاخذناه,فأخذناه,3
اعرضوا,أعرضوا,3
يبدي,يبدئ,3
النشاه,النشأة,3
امهاتهم,أمهاتهم,3
فاحبط,فأحبط,3
اسوه,أسوة,3
امسك,أمسك,3
افاء,أفاء,3
اروني,أروني,3
الاجداث,الأجداث,3
اهم,أهم,3
امرها,أمرها,3
صاعقه,صاعقة,3
واكواب,وأكواب,3
وانهار,وأنهار,3
فاولي,فأولى,3
لتومنوا,لتؤمنوا,3
مومنات,مؤمنات,3
فاصلحوا,فأصلحوا,3
والاولي,والأولى,3
بالحسني,بالحسنى,3
انس,إنس,3
الميمنه,الميمنة,3
المشامه,المشأمة,3
وفاكهه,وفاكهة,3
مرفوعه,مرفوعة,3
الحاقه,الحاقة,3
القارعه,القارعة,3
اانذرتهم,أأنذرتهم,2
غشاوه,غشاوة,2
اصابعهم,أصابعهم,2
بسوره,بسورة,2
والحجاره,والحجارة,2
واتوا,وأتوا,2
امواتا,أمواتا,2
خليفه,خليفة,2
باسمايهم,بأسمائهم,2
شيتما,شئتما,2
فتلقي,فتلقى,2
وانها,وإنها,2
لكبيره,لكبيرة,2
واني,وأني,2
باريكم,بارئكم,2
حطه,حطة,2
الذله,الذلة,2
والصابيين,والصابئين,2
قرده,قردة,2
خاسيين,خاسئين,2
تومرون,تؤمرون,2
اماني,أماني,2
وايدناه,وأيدناه,2
انبياء,أنبياء,2
وسعي,وسعى,2
ترضي,ترضى,2
للطايفين,للطائفين,2
اسلمت,أسلمت,2
الهك,إلهك,2
واله,وإله,2
صبغه,صبغة,2
اموات,أموات,2
اصابتهم,أصابتهم,2
والهكم,وإلهكم,2
تبرا,تبرأ,2
واقام,وأقام,2
الباساء,البأساء,2
الباس,البأس,2
بالانثي,بالأنثى,2
الوصيه,الوصية,2
فعده,فعدة,2
اخر,أخر,2
العده,العدة,2
لتاكلوا,لتأكلوا,2
والفتنه,والفتنة,2
بايديكم,بأيديكم,2
واحسنوا,وأحسنوا,2
كامله,كاملة,2
افضتم,أفضتم,2
افيضوا,أفيضوا,2
تاخر,تأخر,2
اخذته,أخذته,2
وعسي,وعسى,2
اصلاح,إصلاح,2
مشركه,مشركة,2
اعجبتكم,أعجبتكم,2
بانفسهن,بأنفسهن,2
اصلاحا,إصلاحا,2
تاخذوا,تأخذوا,2
واطهر,وأطهر,2
اولادهن,أولادهن,2
الرضاعه,الرضاعة,2
انفسهن,أنفسهن,2
اجله,أجله,2
اضعافا,أضعافا,2
الملا,الملإ,2
سعه,سعة,2
بسطه,بسطة,2
طاقه,طاقة,2
ويومن,ويؤمن,2
بالعروه,بالعروة,2
الوثقي,الوثقى,2
اولياوهم,أولياؤهم,2
اتاه,آتاه,2
ارني,أرني,2
رياء,رئاء,2
نفقه,نفقة,2
واحل,وأحل,2
توفي,توفى,2
ياب,يأب,2
اقسط,أقسط,2
حاضره,حاضرة,2
واشهدوا,وأشهدوا,2
الشهاده,الشهادة,2
فيتين,فئتين,2
والفضه,والفضة,2
توتي,تؤتي,2
بكلمه,بكلمة,2
ايتك,آيتك,2
والابكار,والإبكار,2
والتوراه,والتوراة,2
كهييه,كهيئة,2
الاكمه,الأكمه,2
والابرص,والأبرص,2
انصاري,أنصاري,2
بانا,بأنا,2
يوتي,يؤتى,2
تامنه,تأمنه,2
يوده,يؤده,2
الاميين,الأميين,2
واتقي,واتقى,2
فاصبحتم,فأصبحتم,2
اخوانا,إخوانا,2
وتومنون,وتؤمنون,2
اولاء,أولاء,2
تسوهم,تسؤهم,2
طايفتان,طائفتان,2
الاف,آلاف,2
ولتطمين,ولتطمئن,2
وجنه,وجنة,2
الاعلون,الأعلون,2
الايام,الأيام,2
افان,أفإن,2
امنه,أمنة,2
لالي,لإلى,2
اصابتكم,أصابتكم,2
فباذن,فبإذن,2
اولياءه,أولياءه,2
ياتينا,يأتينا,2
اجوركم,أجوركم,2
فامنا,فآمنا,2
واوذوا,وأوذوا,2
لاكفرن,لأكفرن,2
ابواه,أبواه,2
فلامه,فلأمه,2
وابناوكم,وأبناؤكم,2
اخ,أخ,2
واتيتم,وآتيتم,2
واخواتكم,وأخواتكم,2
فاتوهن,فآتوهن,2
اخدان,أخدان,2
واسالوا,واسألوا,2
ويوت,ويؤت,2
سكاري,سكارى,2
الغايط,الغائط,2
بالسنتهم,بألسنتهم,2
تاويلا,تأويلا,2
نوتيه,نؤتيه,2
الامن,الأمن,2
باسا,بأسا,2
اصدق,أصدق,2
اتريدون,أتريدون,2
والقوا,وألقوا,2
لمومن,لمؤمن,2
خطا,خطأ,2
توبه,توبة,2
ولياخذوا,وليأخذوا,2
اسلحتكم,أسلحتكم,2
تالمون,تألمون,2
اراك,أراك,2
ولامرنهم,ولآمرنهم,2
كسالي,كسالى,2
وامنتم,وآمنتم,2
يوتيهم,يؤتيهم,2
يسالك,يسألك,2
ارنا,أرنا,2
ليومنن,ليؤمنن,2
احلت,أحلت,2
شنان,شنآن,2
والتقوي,والتقوى,2
اكل,أكل,2
ييس,يئس,2
مخمصه,مخمصة,2
خاينه,خائنة,2
واتاكم,وآتاكم,2
فانكم,فإنكم,2
واخي,وأخي,2
تاس,تأس,2
سوءه,سوءة,2
احياها,أحياها,2
وارجلهم,وأرجلهم,2
الوسيله,الوسيلة,2
والاحبار,والأحبار,2
بعيسي,بعيسى,2
اقسموا,أقسموا,2
اعزه,أعزة,2
اكثركم,أكثركم,2
مغلوله,مغلولة,2
اقاموا,أقاموا,2
اتعبدون,أتعبدون,2
عداوه,عداوة,2
الايمان,الأيمان,2
اطعام,إطعام,2
الكعبه,الكعبة,2
اعجبك,أعجبك,2
انهما,أنهما,2
اجبتم,أجبتم,2
جيتهم,جئتهم,2
مايده,مائدة,2
وتطمين,وتطمئن,2
اعذبه,أعذبه,2
اانت,أأنت,2
الهين,إلهين,2
وانشانا,وأنشأنا,2
اتخذ,أتخذ,2
واوحي,وأوحي,2
اشهد,أشهد,2
اوزارهم,أوزارهم,2
يشا,يشإ,2
ارايتكم,أرأيتكم,2
بالباساء,بالبأساء,2
اخذناهم,أخذناهم,2
بالغداه,بالغداة,2
باعلم,بأعلم,2
فانه,فأنه,2
ينبيكم,ينبئكم,2
اسرع,أسرع,2
وخفيه,وخفية,2
اقيموا,أقيموا,2
اصناما,أصناما,2
افل,أفل,2
اشركتم,أشركتم,2
فاي,فأي,2
ويحيي,ويحيى,2
واخوانهم,وإخوانهم,2
جيتمونا,جئتمونا,2
دانيه,دانية,2
اثمر,أثمر,2
صاحبه,صاحبة,2
ابصر,أبصر,2
افيدتهم,أفئدتهم,2
افيده,أفئدة,2
اومن,أومن,2
للاسلام,للإسلام,2
اجلت,أجلت,2
انفسنا,أنفسنا,2
لات,لآت,2
ذرا,ذرأ,2
شركايهم,شركائهم,2
شركاوهم,شركاؤهم,2
وانعام,وأنعام,2
ازواجنا,أزواجنا,2
ميته,ميتة,2
انشا,أنشأ,2
اكله,أكله,2
الذكرين,آلذكرين,2
ارحام,أرحام,2
الابل,الإبل,2
املاق,إملاق,2
امثالها,أمثالها,2
اغويتني,أغويتني,2
واقل,وأقل,2
اختها,أختها,2
اورثتموها,أورثتموها,2
فاذن,فأذن,2
موذن,مؤذن,2
الاعراف,الأعراف,2
اقسمتم,أقسمتم,2
اصلاحها,إصلاحها,2
ابلغكم,أبلغكم,2
اوعجبتم,أوعجبتم,2
سفاهه,سفاهة,2
اتعلمون,أتعلمون,2
شهوه,شهوة,2
افامن,أفأمن,2
نايمون,نائمون,2
ضحي,ضحى,2
افامنوا,أفأمنوا,2
ببينه,ببينة,2
ارجه,أرجه,2
وارسل,وأرسل,2
الق,ألق,2
يافكون,يأفكون,2
لاقطعن,لأقطعن,2
جيتنا,جئتنا,2
انجيناكم,أنجيناكم,2
تجلي,تجلى,2
ساريكم,سأريكم,2
واخذ,وأخذ,2
الامي,الأمي,2
الخبايث,الخبائث,2
امما,أمما,2
انجينا,أنجينا,2
تاذن,تأذن,2
الادني,الأدنى,2
كالانعام,كالأنعام,2
واملي,وأملي,2
تاتيكم,تأتيكم,2
اتاهما,آتاهما,2
طايف,طائف,2
تاتهم,تأتهم,2
قري,قرئ,2
الانفال,الأنفال,2
فان,فأن,2
بالعدوه,بالعدوة,2
اعينكم,أعينكم,2
وادبارهم,وأدبارهم,2
الخاينين,الخائنين,2
مايتين,مائتين,2
اسري,أسرى,2
اووا,آووا,2
براءه,براءة,2
فاجره,فأجره,2
ذمه,ذمة,2
اعظم,أعظم,2
واخوانكم,وإخوانكم,2
وازواجكم,وأزواجكم,2
لياكلون,ليأكلون,2
يستاذنك,يستأذنك,2
لمحيطه,لمحيطة,2
ملجا,ملجأ,2
واياته,وآياته,2
واكثر,وأكثر,2
اموالا,أموالا,2
واولادا,وأولادا,2
والموتفكات,والمؤتفكات,2
يستاذنونك,يستأذنونك,2
اخباركم,أخباركم,2
والانصار,والأنصار,2
تقوي,تقوى,2
صغيره,صغيرة,2
كبيره,كبيرة,2
ايت,ائت,2
اخذت,أخذت,2
ايانا,إيانا,2
يفتري,يفترى,2
فالينا,فإلينا,2
الان,آلآن,2
الندامه,الندامة,2
الله,آلله,2
اصغر,أصغر,2
فاجمعوا,فأجمعوا,2
سالتكم,سألتكم,2
جيتم,جئتم,2
اتيت,آتيت,2
فاتبعهم,فأتبعهم,2
بوانا,بوأنا,2
اخرنا,أخرنا,2
اذقناه,أذقناه,2
الاشهاد,الأشهاد,2
الاخسرون,الأخسرون,2
واتاني,وآتاني,2
تبتيس,تبتئس,2
اهلي,أهلي,2
والا,وإلا,2
واتبعوا,وأتبعوا,2
بالبشري,بالبشرى,2
وامراته,وامرأته,2
باسحاق,بإسحاق,2
اطهر,أطهر,2
امراتك,امرأتك,2
مسومه,مسومة,2
اموالنا,أموالنا,2
لانت,لأنت,2
انيب,أنيب,2
الهتهم,آلهتهم,2
فوادك,فؤادك,2
للسايلين,للسائلين,2
ارسله,أرسله,2
ياكله,يأكله,2
الابواب,الأبواب,2
لدي,لدى,2
اليهن,إليهن,2
واكن,وأكن,2
اراني,أراني,2
ياتيكما,يأتيكما,2
ياكلهن,يأكلهن,2
افتوني,أفتوني,2
روياي,رؤياي,2
اضغاث,أضغاث,2
احلام,أحلام,2
بتاويل,بتأويل,2
ولاجر,ولأجر,2
اخانا,أخانا,2
اهلنا,أهلنا,2
ابوهم,أبوهم,2
اوي,آوى,2
ايتها,أيتها,2
ابا,أبا,2
ابرح,أبرح,2
واسال,واسأل,2
ياتيني,يأتيني,2
يياس,ييأس,2
اانك,أإنك,2
فالقوه,فألقوه,2
واتوني,وأتوني,2
خاطيين,خاطئين,2
ابويه,أبويه,2
والحقني,وألحقني,2
بصيره,بصيرة,2
وانهارا,وأنهارا,2
لهدي,لهدى,2
فامليت,فأمليت,2
اشق,أشق,2
ناتي,نأتي,2
اطرافها,أطرافها,2
افي,أفي,2
ويوخركم,ويؤخركم,2
ورايه,ورائه,2
كشجره,كشجرة,2
خبيثه,خبيثة,2
الاصفاد,الأصفاد,2
فانظرني,فأنظرني,2
ونبيهم,ونبئهم,2
لاتيه,لآتية,2
اتيناك,آتيناك,2
تومر,تؤمر,2
وزينه,وزينة,2
والاعناب,والأعناب,2
فاصابهم,فأصابهم,2
لنبوينهم,لنبوئنهم,2
فاسالوا,فاسألوا,2
ياخذهم,يأخذهم,2
يومرون,يؤمرون,2
فاياي,فإياي,2
لتسالن,لتسألن,2
يواخذ,يؤاخذ,2
واوحي,وأوحى,2
ارذل,أرذل,2
افبالباطل,أفبالباطل,2
اثاثا,أثاثا,2
باسكم,بأسكم,2
قرات,قرأت,2
ايمانه,إيمانه,2
السنتكم,ألسنتكم,2
بالحكمه,بالحكمة,2
باموال,بأموال,2
احسنتم,أحسنتم,2
وللاخره,وللآخرة,2
نجوي,نجوى,2
بالايات,بالآيات,2
والاولاد,والأولاد,2
تاره,تارة,2
نافله,نافلة,2
وناي,ونأى,2
ابعث,أبعث,2
لاظنك,لأظنك,2
فاراد,فأراد,2
للاذقان,للأذقان,2
لابايهم,لآبائهم,2
خمسه,خمسة,2
انفق,أنفق,2
ابلغ,أبلغ,2
زكاه,زكاة,2
ياجوج,يأجوج,2
وماجوج,ومأجوج,2
اجعل,أجعل,2
اتوني,آتوني,2
ولقايه,ولقائه,2
امراتي,امرأتي,2
النخله,النخلة,2
اتاني,آتاني,2
والزكاه,والزكاة,2
اسمع,أسمع,2
وابصر,وأبصر,2
وانذرهم,وأنذرهم,2
بامر,بأمر,2
ايدينا,أيدينا,2
اطلع,أطلع,2
العلي,العلى,2
طوي,طوى,2
اتيه,آتية,2
اعطي,أعطى,2
شتي,شتى,2
النهي,النهى,2
ايتوا,ائتوا,2
فاوجس,فأوجس,2
والق,وألق,2
فالقي,فألقي,2
ولاصلبنكم,ولأصلبنكم,2
هوي,هوى,2
اثر,أثر,2
الاصوات,الأصوات,2
بالقران,بالقرآن,2
يقضي,يقضى,2
وعصي,وعصى,2
تنسي,تنسى,2
افهم,أفهم,2
اهذا,أهذا,2
اتينا,أتينا,2
بالهتنا,بآلهتنا,2
بامرنا,بأمرنا,2
واقام,وإقام,2
فنادي,فنادى,2
احصنت,أحصنت,2
امتكم,أمتكم,2
اقريب,أقريب,2
مضغه,مضغة,2
مخلقه,مخلقة,2
اشدكم,أشدكم,2
اعيدوا,أعيدوا,2
ولولوا,ولؤلؤا,2
لابراهيم,لإبراهيم,2
واطعموا,وأطعموا,2
تعمي,تعمى,2
ابتغي,ابتغى,2
لاماناتهم,لأماناتهم,2
سلاله,سلالة,2
طرايق,طرائق,2
لانزل,لأنزل,2
اباينا,آبائنا,2
فاوحينا,فأوحينا,2
احاديث,أحاديث,2
غمره,غمرة,2
اتيناهم,أتيناهم,2
ذراكم,ذرأكم,2
جلده,جلدة,2
رافه,رأفة,2
باربعه,بأربعة,2
والخامسه,والخامسة,2
فاذ,فإذ,2
بافواهكم,بأفواهكم,2
ابايهن,آبائهن,2
ابنايهن,أبنائهن,2
اخواتهن,أخواتهن,2
نسايهن,نسائهن,2
ايمانهن,أيمانهن,2
واتوهم,وآتوهم,2
صلاه,صلاة,2
بزينه,بزينة,2
الاعرج,الأعرج,2
اشتاتا,أشتاتا,2
تحيه,تحية,2
الاسواق,الأسواق,2
بالساعه,بالساعة,2
اذلك,أذلك,2
الهه,إلهه,2
انعاما,أنعاما,2
اجاج,أجاج,2
قره,قرة,2
فاخاف,فأخاف,2
اين,أئن,2
واورثناها,وأورثناها,2
وانجينا,وأنجينا,2
وازلفت,وأزلفت,2
امدكم,أمدكم,2
افبعذابنا,أفبعذابنا,2
افاك,أفاك,2
راها,رآها,2
واوتينا,وأوتينا,2
اوزعني,أوزعني,2
اشكر,أشكر,2
بنبا,بنبإ,2
اتيك,آتيك,2
طايركم,طائركم,2
تسعه,تسعة,2
حدايق,حدائق,2
انهارا,أنهارا,2
اينا,أئنا,2
امنون,آمنون,2
واصبح,وأصبح,2
خايفا,خائفا,2
اقصي,أقصى,2
باهله,بأهله,2
مفتري,مفترى,2
لاظنه,لأظنه,2
احببت,أحببت,2
الانباء,الأنباء,2
الخيره,الخيرة,2
اوتيته,أوتيته,2
فانبيكم,فأنبئكم,2
اوليس,أوليس,2
اثقالهم,أثقالهم,2
اوثانا,أوثانا,2
ييسوا,يئسوا,2
وماواكم,ومأواكم,2
فامن,فآمن,2
النبوه,النبوة,2
اساءوا,أساءوا,2
بشركايهم,بشركائهم,2
فاقم,فأقم,2
ايدي,أيدي,2
والايمان,والإيمان,2
ظاهره,ظاهرة,2
باي,بأي,2
اللايي,اللائي,2
اشحه,أشحة,2
لازواجك,لأزواجك,2
واجرا,وأجرا,2
ازواجك,أزواجك,2
ازواجه,أزواجه,2
لسنه,لسنة,2
اطعنا,أطعنا,2
قري,قرى,2
اياكم,إياكم,2
زلفي,زلفى,2
واني,وأنى,2
فراه,فرآه,2
يتزكي,يتزكى,2
الوانها,ألوانها,2
السيي,السيئ,2
احصيناه,أحصيناه,2
يسالكم,يسألكم,2
الازواج,الأزواج,2
اواباونا,أوآباؤنا,2
زجره,زجرة,2
واقبل,وأقبل,2
لذه,لذة,2
كانهن,كأنهن,2
فاقبل,فأقبل,2
لاكلون,لآكلون,2
فماليون,فمالئون,2
الاسفلين,الأسفلين,2
افكهم,إفكهم,2
الاوتاد,الأوتاد,2
نعجه,نعجة,2
لزلفي,لزلفى,2
لاحد,لأحد,2
الاخيار,الأخيار,2
بفاكهه,بفاكهة,2
واهليهم,وأهليهم,2
لذكري,لذكرى,2
فاتاهم,فأتاهم,2
اسوا,أسوأ,2
ارادني,أرادني,2
بانه,بأنه,2
تجزي,تجزى,2
الازفه,الآزفة,2
الاعين,الأعين,2
واثارا,وآثارا,2
ادعوكم,أدعوكم,2
يوفك,يؤفك,2
فاحسن,فأحسن,2
اساء,أساء,2
كالاعلام,كالأعلام,2
باقيه,باقية,2
ابوابا,أبوابا,2
ونعمه,ونعمة,2
باباينا,بآبائنا,2
والساعه,والساعة,2
راوه,رأوه,2
امثالهم,أمثالهم,2
ارحامكم,أرحامكم,2
السكينه,السكينة,2
فاستوي,فاستوى,2
الاول,الأول,2
للسايل,للسائل,2
مصفوفه,مصفوفة,2
كاسا,كأسا,2
فلياتوا,فليأتوا,2
بالافق,بالأفق,2
المنتهي,المنتهى,2
الانثي,الأنثى,2
قسمه,قسمة,2
المغفره,المغفرة,2
ينبا,ينبأ,2
بالغه,بالغة,2
اعجاز,أعجاز,2
اشر,أشر,2
اللولو,اللؤلؤ,2
والاكرام,والإكرام,2
الاحسان,الإحسان,2
الواقعه,الواقعة,2
كاذبه,كاذبة,2
ثله,ثلة,2
اترابا,أترابا,2
لاصحاب,لأصحاب,2
وبايمانهم,وبأيمانهم,2
واقرضوا,وأقرضوا,2
فانساهم,فأنساهم,2
بالموده,بالمودة,2
يوخر,يؤخر,2
واستغني,واستغنى,2
سيياته,سيئاته,2
واللايي,واللائي,2
فاهلكوا,فأهلكوا,2
عيشه,عيشة,2
عاليه,عالية,2
صلي,صلى,2
فسوي,فسوى,2
نضره,نضرة,2
افواجا,أفواجا,2
مابا,مآبا,2
ولانعامكم,ولأنعامكم,2
يزكي,يزكى,2
استغني,استغنى,2
فانت,فأنت,2
واذنت,وأذنت,2
لليسري,لليسرى,2
الاشقي,الأشقى,2
حاميه,حامية,2
العقبه,العقبة,2
موصده,مؤصدة,2
البينه,البينة,2
البريه,البرية,2
الحطمه,الحطمة,2
اياك,إياك,1
واياك,وإياك,1
وبالاخره,وبالآخرة,1
مستهزيون,مستهزئون,1
يستهزي,يستهزئ,1
اضاءت,أضاءت,1
اضاء,أضاء,1
ثمره,ثمرة,1
بعوضه,بعوضة,1
فاحياكم,فأحياكم,1
اتجعل,أتجعل,1
انبيوني,أنبئوني,1
باسماء,بأسماء,1
انبيهم,أنبئهم,1
انباهم,أنبأهم,1
فازلهما,فأزلهما,1
فاخرجهما,فأخرجهما,1
اوف,أوف,1
اتامرون,أتأمرون,1
فانجيناكم,فأنجيناكم,1
فاخذتكم,فأخذتكم,1
استسقي,استسقى,1
وقثايها,وقثائها,1
اتستبدلون,أتستبدلون,1
سالتم,سألتم,1
والمسكنه,والمسكنة,1
اتتخذنا,أتتخذنا,1
شيه,شية,1
فاداراتم,فادارأتم,1
كالحجاره,كالحجارة,1
قسوه,قسوة,1
الحجاره,الحجارة,1
افتطمعون,أفتطمعون,1
اتحدثونهم,أتحدثونهم,1
اميون,أميون,1
اتخذتم,أتخذتم,1
واحاطت,وأحاطت,1
خطييته,خطيئته,1
اقررتم,أقررتم,1
ياتوكم,يأتوكم,1
اساري,أسارى,1
اخراجهم,إخراجهم,1
افتومنون,أفتؤمنون,1
افكلما,أفكلما,1
فلعنه,فلعنة,1
واشربوا,وأشربوا,1
احرص,أحرص,1
اوكلما,أوكلما,1
لمثوبه,لمثوبة,1
نات,نأت,1
سيل,سئل,1
امانيهم,أمانيهم,1
خايفين,خائفين,1
فاينما,فأينما,1
تسال,تسأل,1
ابتلي,ابتلى,1
فاتمهن,فأتمهن,1
مثابه,مثابة,1
وامنا,وأمنا,1
مصلي,مصلى,1
فامتعه,فأمتعه,1
اضطره,أضطره,1
وارنا,وأرنا,1
ووصي,ووصى,1
ابايك,آبائك,1
اتحاجوننا,أتحاجوننا,1
القبله,القبلة,1
اتيت,أتيت,1
وجهه,وجهة,1
ولاتم,ولأتم,1
اذكركم,أذكركم,1
والانفس,والأنفس,1
والمروه,والمروة,1
والهدي,والهدى,1
اتوب,أتوب,1
فنتبرا,فنتبرأ,1
الفينا,ألفينا,1
بالمغفره,بالمغفرة,1
اصبرهم,أصبرهم,1
والسايلين,والسائلين,1
القتلي,القتلى,1
واداء,وأداء,1
اثمه,إثمه,1
فاصلح,فأصلح,1
سالك,سألك,1
اجيب,أجيب,1
وليومنوا,وليؤمنوا,1
فالان,فالآن,1
الابيض,الأبيض,1
الاسود,الأسود,1
اتموا,أتموا,1
الاهله,الأهلة,1
تاتوا,تأتوا,1
واخرجوهم,وأخرجوهم,1
اخرجوكم,أخرجوكم,1
التهلكه,التهلكة,1
واتموا,وأتموا,1
والعمره,والعمرة,1
احصرتم,أحصرتم,1
ففديه,ففدية,1
بالعمره,بالعمرة,1
وسبعه,وسبعة,1
افاض,أفاض,1
الد,ألد,1
اوتوه,أوتوه,1
واخراج,وإخراج,1
واثمهما,وإثمهما,1
لاعنتكم,لأعنتكم,1
ولامه,ولأمة,1
اعجبكم,أعجبكم,1
والمغفره,والمغفرة,1
فاتوهن,فأتوهن,1
نساوكم,نساؤكم,1
عرضه,عرضة,1
لايمانكم,لأيمانكم,1
يولون,يؤلون,1
ارحامهن,أرحامهن,1
فامساك,فإمساك,1
ازواجهن,أزواجهن,1
والده,والدة,1
ارادا,أرادا,1
خطبه,خطبة,1
اكننتم,أكننتم,1
الوسطي,الوسطى,1
لازواجهم,لأزواجهم,1
اخراج,إخراج,1
الوف,ألوف,1
احياهم,أحياهم,1
وابناينا,وأبنائنا,1
سكينه,سكينة,1
وبقيه,وبقية,1
غرفه,غرفة,1
قليله,قليلة,1
واتاه,وآتاه,1
خله,خلة,1
تاخذه,تأخذه,1
ييوده,يئوده,1
اكراه,إكراه,1
احيي,أحيي,1
واميت,وأميت,1
فاماته,فأماته,1
ليطمين,ليطمئن,1
ياتينك,يأتينك,1
انبتت,أنبتت,1
سنبله,سنبلة,1
والاذي,والأذى,1
فاصابه,فأصابه,1
بربوه,بربوة,1
اصابها,أصابها,1
فاتت,فآتت,1
ايود,أيود,1
واصابه,وأصابه,1
فاصابها,فأصابها,1
اعصار,إعصار,1
باخذيه,بآخذيه,1
ويامركم,ويأمركم,1
وتوتوها,وتؤتوها,1
فلانفسكم,فلأنفسكم,1
احصروا,أحصروا,1
الحافا,إلحافا,1
فانتهي,فانتهى,1
وامره,وأمره,1
فاذنوا,فأذنوا,1
عسره,عسرة,1
فنظره,فنظرة,1
ميسره,ميسرة,1
وامراتان,وامرأتان,1
تساموا,تسأموا,1
للشهاده,للشهادة,1
وادني,وأدنى,1
مقبوضه,مقبوضة,1
فليود,فليؤد,1
اوتمن,اؤتمن,1
امانته,أمانته,1
اثم,آثم,1
تواخذنا,تؤاخذنا,1
اخطانا,أخطأنا,1
اصرا,إصرا,1
كافره,كافرة,1
راي,رأي,1
يويد,يؤيد,1
المقنطره,المقنطرة,1
المسومه,المسومة,1
الماب,المآب,1
اونبيكم,أؤنبئكم,1
وازواج,وأزواج,1
بالاسحار,بالأسحار,1
والاميين,والأميين,1
ااسلمتم,أأسلمتم,1
تقاه,تقاة,1
كالانثي,كالأنثى,1
اعيذها,أعيذها,1
وانبتها,وأنبتها,1
بيحيي,بيحيى,1
وامراتي,وامرأتي,1
اقلامهم,أقلامهم,1
اخلق,أخلق,1
فانفخ,فأنفخ,1
وابري,وأبرئ,1
واحيي,وأحيي,1
وانبيكم,وأنبئكم,1
ولاحل,ولأحل,1
وجيتكم,وجئتكم,1
احس,أحس,1
فاحكم,فأحكم,1
فاعذبهم,فأعذبهم,1
ابناءنا,أبناءنا,1
وابناءكم,وأبناءكم,1
وانفسنا,وأنفسنا,1
بابراهيم,بإبراهيم,1
اخره,آخره,1
وايمانهم,وأيمانهم,1
ايامركم,أيأمركم,1
اتيتكم,آتيتكم,1
وحكمه,وحكمة,1
لتومنن,لتؤمنن,1
ااقررتم,أأقررتم,1
واخذتم,وأخذتم,1
اصري,إصري,1
اقررنا,أقررنا,1
افتدي,افتدى,1
بالتوراه,بالتوراة,1
ببكه,ببكة,1
فالف,فألف,1
حفره,حفرة,1
فانقذكم,فأنقذكم,1
اكفرتم,أكفرتم,1
اخرجت,أخرجت,1
المسكنه,المسكنة,1
اصابت,أصابت,1
فاهلكته,فأهلكته,1
بطانه,بطانة,1
يالونكم,يألونكم,1
الانامل,الأنامل,1
تبوي,تبوئ,1
بثلاثه,بثلاثة,1
وياتوكم,ويأتوكم,1
بخمسه,بخمسة,1
خايبين,خائبين,1
مضاعفه,مضاعفة,1
رايتموه,رأيتموه,1
موجلا,مؤجلا,1
واسرافنا,وإسرافنا,1
فاتاهم,فآتاهم,1
اخراكم,أخراكم,1
فاثابكم,فأثابكم,1
اهمتهم,أهمتهم,1
غزي,غزى,1
لمغفره,لمغفرة,1
اولما,أولما,1
اصبتم,أصبتم,1
اطاعونا,أطاعونا,1
تاكله,تأكله,1
بمفازه,بمفازة,1
اخزيته,أخزيته,1
سيياتنا,سيئاتنا,1
واتنا,وآتنا,1
اضيع,أضيع,1
واخرجوا,وأخرجوا,1
ولادخلنهم,ولأدخلنهم,1
للابرار,للأبرار,1
والارحام,والأرحام,1
فواحده,فواحدة,1
نحله,نحلة,1
مرييا,مريئا,1
توتوا,تؤتوا,1
انستم,آنستم,1
تاكلوها,تأكلوها,1
اسرافا,إسرافا,1
فلياكل,فليأكل,1
فاشهدوا,فأشهدوا,1
القسمه,القسمة,1
ولابويه,ولأبويه,1
كلاله,كلالة,1
يوصي,يوصى,1
ياتيانها,يأتيانها,1
فاذوهما,فآذوهما,1
واصلحا,وأصلحا,1
احداهن,إحداهن,1
اتاخذونه,أتأخذونه,1
تاخذونه,تأخذونه,1
افضي,أفضى,1
واخذن,وأخذن,1
الاخ,الأخ,1
الاخت,الأخت,1
وامهاتكم,وأمهاتكم,1
ارضعنكم,أرضعنكم,1
وامهات,وأمهات,1
وربايبكم,وربائبكم,1
وحلايل,وحلائل,1
ابنايكم,أبنائكم,1
اصلابكم,أصلابكم,1
الاختين,الأختين,1
الفريضه,الفريضة,1
بايمانكم,بإيمانكم,1
اهلهن,أهلهن,1
واتوهن,وآتوهن,1
احصن,أحصن,1
اتين,أتين,1
فاتوهم,فآتوهم,1
اطعنكم,أطعنكم,1
تسوي,تسوى,1
باعدايكم,بأعدائكم,1
ادبارها,أدبارها,1
تودوا,تؤدوا,1
الامانات,الأمانات,1
واولي,وأولي,1
لاتيناهم,لآتيناهم,1
ليبطين,ليبطئن,1
فافوز,فأفوز,1
كخشيه,كخشية,1
اخرتنا,أخرتنا,1
مشيده,مشيدة,1
وارسلناك,وأرسلناك,1
اطاع,أطاع,1
اذاعوا,أذاعوا,1
بتحيه,بتحية,1
اركسهم,أركسهم,1
يامنوكم,يأمنوكم,1
ويامنوا,ويأمنوا,1
اركسوا,أركسوا,1
واوليكم,وأولئكم,1
وديه,ودية,1
فجزاوه,فجزاؤه,1
حيله,حيلة,1
وسعه,وسعة,1
فاقمت,فأقمت,1
اسلحتهم,أسلحتهم,1
ورايكم,ورائكم,1
ولتات,ولتأت,1
واسلحتهم,وأسلحتهم,1
وامتعتكم,وأمتعتكم,1
ميله,ميلة,1
اطماننتم,اطمأننتم,1
يالمون,يألمون,1
للخاينين,للخائنين,1
اثيما,أثيما,1
خطييه,خطيئة,1
برييا,بريئا,1
بصدقه,بصدقة,1
لاتخذن,لأتخذن,1
ولاضلنهم,ولأضلنهم,1
ولامنينهم,ولأمنينهم,1
بامانيكم,بأمانيكم,1
يتامي,يتامى,1
توتونهن,تؤتونهن,1
لليتامي,لليتامى,1
اعراضا,إعراضا,1
واحضرت,وأحضرت,1
كالمعلقه,كالمعلقة,1
باخرين,بآخرين,1
ايبتغون,أيبتغون,1
ويستهزا,ويستهزأ,1
الاسفل,الأسفل,1
واخلصوا,وأخلصوا,1
سالوا,سألوا,1
واخذهم,وأخذهم,1
والموتون,والمؤتون,1
سنوتيهم,سنؤتيهم,1
القاها,ألقاها,1
الكلاله,الكلالة,1
امرو,امرؤ,1
القلايد,القلائد,1
امين,آمين,1
والمنخنقه,والمنخنقة,1
والموقوذه,والموقوذة,1
والمترديه,والمتردية,1
والنطيحه,والنطيحة,1
بالازلام,بالأزلام,1
اكملت,أكملت,1
واتممت,وأتممت,1
لاثم,لإثم,1
امسكن,أمسكن,1
اقمتم,أقمتم,1
واقرضتم,وأقرضتم,1
ولادخلنكم,ولأدخلنكم,1
قاسيه,قاسية,1
فاغرينا,فأغرينا,1
واحباوه,وأحباؤه,1
فتره,فترة,1
المقدسه,المقدسة,1
ادباركم,أدباركم,1
محرمه,محرمة,1
لاقتلنك,لأقتلنك,1
لاقتلك,لأقتلك,1
باثمي,بإثمي,1
واثمك,وإثمك,1
اعجزت,أعجزت,1
فاواري,فأواري,1
احيا,أحيا,1
والسارقه,والسارقة,1
ايديهما,أيديهما,1
توتوه,تؤتوه,1
اكالون,أكالون,1
والانف,والأنف,1
بالانف,بالأنف,1
والاذن,والأذن,1
بالاذن,بالأذن,1
شرعه,شرعة,1
افحكم,أفحكم,1
نخشي,نخشى,1
اسروا,أسروا,1
لومه,لومة,1
لايم,لائم,1
مثوبه,مثوبة,1
القرده,القردة,1
اوقدوا,أوقدوا,1
اطفاها,أطفأها,1
ولادخلناهم,ولأدخلناهم,1
لاكلوا,لأكلوا,1
مقتصده,مقتصدة,1
والصابيون,والصابئون,1
صديقه,صديقة,1
ياكلان,يأكلان,1
واضلوا,وأضلوا,1
اقربهم,أقربهم,1
فاثابهم,فأثابهم,1
اوسط,أوسط,1
اهليكم,أهليكم,1
والانصاب,والأنصاب,1
والازلام,والأزلام,1
وللسياره,وللسيارة,1
والقلايد,والقلائد,1
كثره,كثرة,1
اشياء,أشياء,1
تسوكم,تسؤكم,1
سالها,سألها,1
اصبحوا,أصبحوا,1
بحيره,بحيرة,1
سايبه,سائبة,1
وصيله,وصيلة,1
اخران,آخران,1
فاصابتكم,فأصابتكم,1
الاثمين,الآثمين,1
فاخران,فآخران,1
الاوليان,الأوليان,1
بالشهاده,بالشهادة,1
ايدتك,أيدتك,1
وتبري,وتبرئ,1
اوحيت,أوحيت,1
باننا,بأننا,1
ناكل,نأكل,1
لاولنا,لأولنا,1
واخرنا,وآخرنا,1
وامي,وأمي,1
امرتني,أمرتني,1
لانذركم,لأنذركم,1
وانني,وإنني,1
شركاوكم,شركاؤكم,1
ويناون,وينأون,1
اعراضهم,إعراضهم,1
فتاتيهم,فتأتيهم,1
والموتي,والموتى,1
طاير,طائر,1
اتتكم,أتتكم,1
وابصاركم,وأبصاركم,1
اهواءكم,أهواءكم,1
ورقه,ورقة,1
ليقضي,ليقضى,1
حفظه,حفظة,1
انجانا,أنجانا,1
ارجلكم,أرجلكم,1
ابسلوا,أبسلوا,1
اندعو,أندعو,1
اعقابنا,أعقابنا,1
وامرنا,وأمرنا,1
ازر,آزر,1
اتتخذ,أتتخذ,1
الافلين,الآفلين,1
لاكونن,لأكونن,1
بازغه,بازغة,1
افلت,أفلت,1
اتحاجوني,أتحاجوني,1
بالامن,بالأمن,1
اتيناها,آتيناها,1
والياس,وإلياس,1
سانزل,سأنزل,1
فرادي,فرادى,1
والنوي,والنوى,1
الاصباح,الإصباح,1
اننا,أننا,1
ولتصغي,ولتصغى,1
ابتغي,أبتغي,1
باهوايهم,بأهوائهم,1
اوليايهم,أوليائهم,1
اطعتموهم,أطعتموهم,1
فاحييناه,فأحييناه,1
اكابر,أكابر,1
نوتي,نؤتى,1
اجلنا,أجلنا,1
لشركاينا,لشركائنا,1
لشركايهم,لشركائهم,1
انعام,أنعام,1
حموله,حمولة,1
الضان,الضأن,1
نبيوني,نبئوني,1
باسه,بأسه,1
اشركنا,أشركنا,1
الحجه,الحجة,1
البالغه,البالغة,1
اتل,أتل,1
واياهم,وإياهم,1
طايفتين,طائفتين,1
ابغي,أبغي,1
قايلون,قائلون,1
فلنسالن,فلنسألن,1
ولنسالن,ولنسألن,1
غايبين,غائبين,1
امرتك,أمرتك,1
انظرني,أنظرني,1
لاقعدن,لأقعدن,1
لاتينهم,لآتينهم,1
شمايلهم,شمائلهم,1
انهكما,أنهكما,1
سواتكم,سوآتكم,1
ابويكم,أبويكم,1
بداكم,بدأكم,1
والاثم,والإثم,1
اخراهم,أخراهم,1
لاولاهم,لأولاهم,1
اضلونا,أضلونا,1
فاتهم,فآتهم,1
اولاهم,أولاهم,1
لاخراهم,لأخراهم,1
جيناهم,جئناهم,1
اقلت,أقلت,1
ضلاله,ضلالة,1
وانصح,وأنصح,1
اتجادلونني,أتجادلونني,1
وبواكم,وبوأكم,1
رساله,رسالة,1
اخرجوهم,أخرجوهم,1
فاوفوا,فأوفوا,1
اسي,آسى,1
اوامن,أوأمن,1
يامن,يأمن,1
اصبناهم,أصبناهم,1
انبايها,أنبائها,1
لاكثرهم,لأكثرهم,1
والقي,وألقي,1
لاصلبنكم,لأصلبنكم,1
اتذر,أتذر,1
والهتك,وآلهتك,1
اوذينا,أوذينا,1
بموسي,بموسى,1
طايرهم,طائرهم,1
تاتنا,تأتنا,1
لنومنن,لنؤمنن,1
اصنام,أصنام,1
ابغيكم,أبغيكم,1
واتممناها,وأتممناها,1
لاخيه,لأخيه,1
انظر,أنظر,1
افاق,أفاق,1
اتيتك,آتيتك,1
ياخذوا,يأخذوا,1
باحسنها,بأحسنها,1
ساصرف,سأصرف,1
اعجلتم,أعجلتم,1
براس,برأس,1
الاعداء,الأعداء,1
ولاخي,ولأخي,1
وادخلنا,وأدخلنا,1
وذله,وذلة,1
اهلكتهم,أهلكتهم,1
اتهلكنا,أتهلكنا,1
اصيب,أصيب,1
اشاء,أشاء,1
فساكتبها,فسأكتبها,1
يامرهم,يأمرهم,1
اصرهم,إصرهم,1
والاغلال,والأغلال,1
اسباطا,أسباطا,1
خطيياتكم,خطيئاتكم,1
واسالهم,واسألهم,1
معذره,معذرة,1
بييس,بئيس,1
والسييات,والسيئات,1
ياخذون,يأخذون,1
ياخذوه,يأخذوه,1
ظله,ظلة,1
واشهدهم,وأشهدهم,1
الست,ألست,1
افتهلكنا,أفتهلكنا,1
اخلد,أخلد,1
ذرانا,ذرأنا,1
اسمايه,أسمائه,1
كانك,كأنك,1
اثقلت,أثقلت,1
اتيتنا,آتيتنا,1
ايشركون,أيشركون,1
ادعوتموهم,أدعوتموهم,1
الهم,ألهم,1
ارجل,أرجل,1
ايد,أيد,1
وانصتوا,وأنصتوا,1
وخيفه,وخيفة,1
اخرجك,أخرجك,1
الطايفتين,الطائفتين,1
الشوكه,الشوكة,1
بالف,بألف,1
الاقدام,الأقدام,1
سالقي,سألقي,1
الاعناق,الأعناق,1
رمي,رمى,1
فيتكم,فئتكم,1
لاسمعهم,لأسمعهم,1
اسمعهم,أسمعهم,1
خاصه,خاصة,1
فاواكم,فآواكم,1
وايدكم,وأيدكم,1
اماناتكم,أماناتكم,1
فامطر,فأمطر,1
اولياوه,أولياؤه,1
وتصديه,وتصدية,1
القصوي,القصوى,1
اراكهم,أراكهم,1
ورياء,ورئاء,1
الفيتان,الفئتان,1
انعمها,أنعمها,1
خيانه,خيانة,1
واعدوا,وأعدوا,1
ايدك,أيدك,1
وبالمومنين,وبالمؤمنين,1
والف,وألف,1
انفقت,أنفقت,1
الفت,ألفت,1
الفا,ألفا,1
صابره,صابرة,1
الفين,ألفين,1
اخذتم,أخذتم,1
الاسري,الأسرى,1
فامكن,فأمكن,1
واذان,وأذان,1
فاتموا,فأتموا,1
الاشهر,الأشهر,1
ابلغه,أبلغه,1
مامنه,مأمنه,1
وتابي,وتأبى,1
باخراج,بإخراج,1
اتخشونهم,أتخشونهم,1
وليجه,وليجة,1
اجعلتم,أجعلتم,1
سقايه,سقاية,1
وعماره,وعمارة,1
واموال,وأموال,1
وتجاره,وتجارة,1
عيله,عيلة,1
الجزيه,الجزية,1
يضاهيون,يضاهئون,1
احبارهم,أحبارهم,1
يطفيوا,يطفئوا,1
ويابي,ويأبى,1
الاحبار,الأحبار,1
يحمي,يحمى,1
فتكوي,فتكوى,1
زياده,زيادة,1
ليواطيوا,ليواطئوا,1
ارضيتم,أرضيتم,1
اخرجه,أخرجه,1
وايده,وأيده,1
السفلي,السفلى,1
وكلمه,وكلمة,1
الشقه,الشقة,1
اذنت,أذنت,1
لاعدوا,لأعدوا,1
ولاوضعوا,ولأوضعوا,1
ايذن,ائذن,1
بايدينا,بأيدينا,1
اعطوا,أعطوا,1
سيوتينا,سيؤتينا,1
والمولفه,والمؤلفة,1
تنبيهم,تنبئهم,1
استهزيوا,استهزئوا,1
ابالله,أبالله,1
تستهزيون,تستهزئون,1
اتتهم,أتتهم,1
اسلامهم,إسلامهم,1
اغناهم,أغناهم,1
اتانا,آتانا,1
فاعقبهم,فأعقبهم,1
اخلفوا,أخلفوا,1
فاستاذنوك,فاستأذنوك,1
واولادهم,وأولادهم,1
استاذنك,استأذنك,1
ليوذن,ليؤذن,1
المرضي,المرضى,1
اتوك,أتوك,1
احملكم,أحملكم,1
واعينهم,وأعينهم,1
نبانا,نبأنا,1
وسيري,وسيرى,1
واجدر,وأجدر,1
الدواير,الدوائر,1
قربه,قربة,1
سييا,سيئا,1
وياخذ,ويأخذ,1
فسيري,فسيرى,1
لامر,لأمر,1
وارصادا,وإرصادا,1
ريبه,ريبة,1
اشتري,اشترى,1
التايبون,التائبون,1
السايحون,السائحون,1
الامرون,الآمرون,1
موعده,موعدة,1
لاواه,لأواه,1
العسره,العسرة,1
الثلاثه,الثلاثة,1
لاهل,لأهل,1
ظما,ظمأ,1
يطيون,يطئون,1
موطيا,موطئا,1
فرقه,فرقة,1
غلظه,غلظة,1
اكان,أكان,1
اذنه,إذنه,1
واطمانوا,واطمأنوا,1
بايمانهم,بإيمانهم,1
بقران,بقرآن,1
ابدله,أبدله,1
ادراكم,أدراكم,1
شفعاونا,شفعاؤنا,1
اتنبيون,أتنبئون,1
احيط,أحيط,1
انجيتنا,أنجيتنا,1
انجاهم,أنجاهم,1
فننبيكم,فننبئكم,1
وزياده,وزيادة,1
اغشيت,أغشيت,1
وشركاوكم,وشركاؤكم,1
فكفي,فكفى,1
اسلفت,أسلفت,1
يهدي,يهدى,1
برييون,بريئون,1
اثم,أثم,1
ويستنبيونك,ويستنبئونك,1
اي,إي,1
فعلي,فعلى,1
غمه,غمة,1
اسحر,أسحر,1
لموسي,لموسى,1
ومليهم,وملئهم,1
تبوا,تبوآ,1
وملاه,وملأه,1
واموالا,وأموالا,1
اجيبت,أجيبت,1
ادركه,أدركه,1
مبوا,مبوأ,1
لامن,لآمن,1
احكمت,أحكمت,1
لييوس,ليئوس,1
وضايق,وضائق,1
فالم,فإلم,1
واخبتوا,وأخبتوا,1
كالاعمي,كالأعمى,1
والاصم,والأصم,1
اراذلنا,أراذلنا,1
الراي,الرأي,1
انلزمكموها,أنلزمكموها,1
فاكثرت,فأكثرت,1
اردت,أردت,1
انصح,أنصح,1
اجرامي,إجرامي,1
ملا,ملأ,1
ساوي,سآوي,1
اقلعي,أقلعي,1
احكم,أحكم,1
تسالن,تسألن,1
اعظك,أعظك,1
اسالك,أسألك,1
وامم,وأمم,1
العاقبه,العاقبة,1
اخذ,آخذ,1
اتنهانا,أتنهانا,1
واننا,وإننا,1
واوجس,وأوجس,1
االد,أألد,1
اتعجبين,أتعجبين,1
اواه,أواه,1
اتيهم,آتيهم,1
اوي,آوي,1
اصلاتك,أصلاتك,1
تامرك,تأمرك,1
اخالفكم,أخالفكم,1
انهاكم,أنهاكم,1
الاصلاح,الإصلاح,1
ارهطي,أرهطي,1
اعز,أعز,1
واخذت,وأخذت,1
فاوردهم,فأوردهم,1
اغنت,أغنت,1
اخذه,أخذه,1
نوخره,نؤخره,1
بقيه,بقية,1
اترفوا,أترفوا,1
روياك,رؤياك,1
اخوتك,إخوتك,1
اتمها,أتمها,1
ابويك,أبويك,1
واخوته,وإخوته,1
واخوه,وأخوه,1
ابينا,أبينا,1
ارضا,أرضا,1
والقوه,وألقوه,1
السياره,السيارة,1
تامنا,تأمنا,1
واخاف,وأخاف,1
واجمعوا,وأجمعوا,1
لتنبينهم,لتنبئنهم,1
بامرهم,بأمرهم,1
اباهم,أباهم,1
فاكله,فأكله,1
بمومن,بمؤمن,1
سياره,سيارة,1
فارسلوا,فأرسلوا,1
فادلي,فأدلى,1
واسروه,وأسروه,1
بضاعه,بضاعة,1
لامراته,لامرأته,1
اكرمي,أكرمي,1
والفيا,وألفيا,1
الخاطيين,الخاطئين,1
نسوه,نسوة,1
واعتدت,وأعتدت,1
متكا,متكأ,1
واتت,وآتت,1
راينه,رأينه,1
اكبرنه,أكبرنه,1
امره,آمره,1
اصب,أصب,1
اعصر,أعصر,1
احمل,أحمل,1
راسي,رأسي,1
نبينا,نبئنا,1
نباتكما,نبأتكما,1
ابايي,آبائي,1
اارباب,أأرباب,1
احدكما,أحدكما,1
فتاكل,فتأكل,1
فانساه,فأنساه,1
للرويا,للرؤيا,1
الاحلام,الأحلام,1
فارسلون,فأرسلون,1
افتنا,أفتنا,1
ارجع,أرجع,1
دابا,دأبا,1
ياكلن,يأكلن,1
فاساله,فاسأله,1
النسوه,النسوة,1
اخنه,أخنه,1
ابري,أبرئ,1
لاماره,لأمارة,1
استخلصه,أستخلصه,1
يتبوا,يتبوأ,1
باخ,بأخ,1
اوفي,أوفي,1
تاتوني,تأتوني,1
اباه,أباه,1
ابيهم,أبيهم,1
امنكم,آمنكم,1
امنتكم,أمنتكم,1
توتون,تؤتون,1
لتاتنني,لتأتنني,1
اتوه,آتوه,1
متفرقه,متفرقة,1
اغني,أغني,1
اخوك,أخوك,1
السقايه,السقاية,1
واقبلوا,وأقبلوا,1
فبدا,فبدأ,1
باوعيتهم,بأوعيتهم,1
لياخذ,ليأخذ,1
فاسرها,فأسرها,1
احدنا,أحدنا,1
ناخذ,نأخذ,1
استياسوا,استيأسوا,1
اباكم,أباكم,1
اقبلنا,أقبلنا,1
اسفي,أسفى,1
تفتا,تفتأ,1
اشكو,أشكو,1
تياسوا,تيأسوا,1
واهلنا,وأهلنا,1
ببضاعه,ببضاعة,1
مزجاه,مزجاة,1
فاوف,فأوف,1
اثرك,آثرك,1
لخاطيين,لخاطئين,1
باهلكم,بأهلكم,1
لاجد,لأجد,1
القاه,ألقاه,1
استغفر,أستغفر,1
اخرجني,أخرجني,1
اخوتي,إخوتي,1
اتيتني,آتيتني,1
اجمعوا,أجمعوا,1
غاشيه,غاشية,1
استياس,استيأس,1
عبره,عبرة,1
يسقي,يسقى,1
الاكل,الأكل,1
وينشي,وينشئ,1
افاتخذتم,أفاتخذتم,1
اوديه,أودية,1
تطمين,تطمئن,1
طوبي,طوبى,1
قارعه,قارعة,1
تنبيونه,تنبئونه,1
دايم,دائم,1
وعقبي,وعقبى,1
وذريه,وذرية,1
بايام,بأيام,1
انجاكم,أنجاكم,1
لازيدنكم,لأزيدنكم,1
فاتونا,فأتونا,1
ناتيكم,نأتيكم,1
اذيتمونا,آذيتمونا,1
ويسقي,ويسقى,1
وياتيه,ويأتيه,1
اجزعنا,أجزعنا,1
فاخلفتكم,فأخلفتكم,1
اشركتمون,أشركتمون,1
اصلها,أصلها,1
واحلوا,وأحلوا,1
دايبين,دائبين,1
سالتموه,سألتموه,1
الاصنام,الأصنام,1
انهن,إنهن,1
اضللن,أضللن,1
اسكنت,أسكنت,1
وافيدتهم,وأفئدتهم,1
وتغشي,وتغشى,1
ياكلوا,يأكلوا,1
الامل,الأمل,1
بالملايكه,بالملائكة,1
ابصارنا,أبصارنا,1
خزاينه,خزائنه,1
فاسقيناكموه,فأسقيناكموه,1
المستاخرين,المستأخرين,1
لاسجد,لأسجد,1
لازينن,لأزينن,1
ولاغوينهم,ولأغوينهم,1
نبي,نبئ,1
ابشرتموني,أبشرتموني,1
واتيناك,وأتيناك,1
وانهما,وإنهما,1
لبامام,لبإمام,1
لنسالنهم,لنسألنهم,1
المستهزيين,المستهزئين,1
ياتيك,يأتيك,1
اثقالكم,أثقالكم,1
جاير,جائر,1
منكره,منكرة,1
اوزار,أوزار,1
فاتي,فأتى,1
واتاهم,وأتاهم,1
فلبيس,فلبئس,1
اردناه,أردناه,1
يتفيا,يتفيأ,1
والشمايل,والشمائل,1
فاليه,فإليه,1
تجارون,تجأرون,1
يتواري,يتوارى,1
ايمسكه,أيمسكه,1
سايغا,سائغا,1
افبنعمه,أفبنعمة,1
وحفده,وحفدة,1
ابكم,أبكم,1
اخرجكم,أخرجكم,1
اقامتكم,إقامتكم,1
اصوافها,أصوافها,1
واوبارها,وأوبارها,1
واشعارها,وأشعارها,1
اكنانا,أكنانا,1
شركاونا,شركاؤنا,1
والاحسان,والإحسان,1
وينهي,وينهى,1
انكاثا,أنكاثا,1
اربي,أربى,1
ولتسالن,ولتسألن,1
اعجمي,أعجمي,1
اكره,أكره,1
مطمين,مطمئن,1
وتوفي,وتوفى,1
امنه,آمنة,1
مطمينه,مطمئنة,1
ياتيها,يأتيها,1
بانعم,بأنعم,1
فاذاقها,فأذاقها,1
لانعمه,لأنعمه,1
والموعظه,والموعظة,1
الاقصي,الأقصى,1
اولاهما,أولاهما,1
الكره,الكرة,1
وامددناكم,وأمددناكم,1
اساتم,أسأتم,1
اقوم,أقوم,1
ايتين,آيتين,1
انسان,إنسان,1
الزمناه,ألزمناه,1
طايره,طائره,1
وهولاء,وهؤلاء,1
واكبر,وأكبر,1
وقضي,وقضى,1
للاوابين,للأوابين,1
وات,وآت,1
اخوان,إخوان,1
خطيا,خطئا,1
الزني,الزنى,1
والفواد,والفؤاد,1
سييه,سيئه,1
افاصفاكم,أفأصفاكم,1
اريناك,أريناك,1
والشجره,والشجرة,1
الملعونه,الملعونة,1
ااسجد,أأسجد,1
ارايتك,أرأيتك,1
اخرتن,أخرتن,1
لاحتنكن,لأحتنكن,1
جزاوكم,جزاؤكم,1
واجلب,وأجلب,1
اعرضتم,أعرضتم,1
افامنتم,أفأمنتم,1
بامامهم,بإمامهم,1
لاذقناك,لأذقناك,1
ادخلني,أدخلني,1
واخرجني,وأخرجني,1
ييوسا,يئوسا,1
ترقي,ترقى,1
نقروه,نقرؤه,1
مطمينين,مطمئنين,1
لامسكتم,لأمسكتم,1
الانفاق,الإنفاق,1
فاغرقناه,فأغرقناه,1
وقرانا,وقرآنا,1
لتقراه,لتقرأه,1
ايا,أيا,1
اوي,أوى,1
الفتيه,الفتية,1
وهيي,وهيئ,1
احصي,أحصى,1
نباهم,نبأهم,1
فتيه,فتية,1
فاووا,فأووا,1
ويهيي,ويهيئ,1
فجوه,فجوة,1
ايقاظا,أيقاظا,1
ولمليت,ولملئت,1
فلياتكم,فليأتكم,1
اعثرنا,أعثرنا,1
لاقرب,لأقرب,1
واسمع,وأسمع,1
اغفلنا,أغفلنا,1
فليومن,فليؤمن,1
لاحدهما,لأحدهما,1
اتت,آتت,1
واعز,وأعز,1
لاجدن,لأجدن,1
اكفرت,أكفرت,1
يوتين,يؤتين,1
ماوها,ماؤها,1
واحيط,وأحيط,1
الولايه,الولاية,1
املا,أملا,1
بارزه,بارزة,1
احصاها,أحصاها,1
افتتخذونه,أفتتخذونه,1
اشهدتهم,أشهدتهم,1
وراي,ورأى,1
يواخذهم,يؤاخذهم,1
مويلا,موئلا,1
امضي,أمضي,1
اوينا,أوينا,1
الصخره,الصخرة,1
انسانيه,أنسانيه,1
اذكره,أذكره,1
اثارهما,آثارهما,1
اتبعك,أتبعك,1
اعصي,أعصي,1
تسالني,تسألني,1
احدث,أحدث,1
اخرقتها,أخرقتها,1
امرا,إمرا,1
تواخذني,تؤاخذني,1
اقتلت,أقتلت,1
زكيه,زكية,1
سالتك,سألتك,1
اتيا,أتيا,1
فابوا,فأبوا,1
فاقامه,فأقامه,1
سانبيك,سأنبئك,1
فاردت,فأردت,1
اعيبها,أعيبها,1
ياخذ,يأخذ,1
سفينه,سفينة,1
فاردنا,فأردنا,1
واقرب,وأقرب,1
ابوهما,أبوهما,1
اشدهما,أشدهما,1
ساتلو,سأتلو,1
فاتبع,فأتبع,1
حميه,حمئة,1
احطنا,أحطنا,1
فاعينوني,فأعينوني,1
ساوي,ساوى,1
افحسب,أفحسب,1
ننبيكم,ننبئكم,1
بالاخسرين,بالأخسرين,1
اعمالا,أعمالا,1
بعباده,بعبادة,1
الراس,الرأس,1
بدعايك,بدعائك,1
ورايي,ورائي,1
وزكاه,وزكاة,1
لاهب,لأهب,1
اك,أك,1
فاجاءها,فأجاءها,1
اكلم,أكلم,1
انسيا,إنسيا,1
فاتت,فأتت,1
ابوك,أبوك,1
امرا,امرأ,1
فاشارت,فأشارت,1
واوصاني,وأوصاني,1
اموت,أموت,1
ياتوننا,يأتوننا,1
الحسره,الحسرة,1
ياتك,يأتك,1
اهدك,أهدك,1
اراغب,أراغب,1
الهتي,آلهتي,1
لارجمنك,لأرجمنك,1
ساستغفر,سأستغفر,1
واعتزلكم,وأعتزلكم,1
وادعو,وأدعو,1
ادريس,إدريس,1
واسراييل,وإسرائيل,1
اضاعوا,أضاعوا,1
ماتيا,مأتيا,1
شيعه,شيعة,1
ورييا,ورئيا,1
واضعف,وأضعف,1
لاوتين,لأوتين,1
وياتينا,ويأتينا,1
توزهم,تؤزهم,1
ازا,أزا,1
ادا,إدا,1
اتي,آتي,1
احصاهم,أحصاهم,1
اتيه,آتيه,1
لتشقي,لتشقى,1
الثري,الثرى,1
واخفي,وأخفى,1
اكاد,أكاد,1
اخفيها,أخفيها,1
لتجزي,لتجزى,1
فتردي,فتردى,1
اتوكا,أتوكأ,1
واهش,وأهش,1
مارب,مآرب,1
القها,ألقها,1
فالقاها,فألقاها,1
حيه,حية,1
ازري,أزري,1
واشركه,وأشركه,1
اوتيت,أوتيت,1
سولك,سؤلك,1
ياخذه,يأخذه,1
والقيت,وألقيت,1
محبه,محبة,1
اختك,أختك,1
واخوك,وأخوك,1
يطغي,يطغى,1
واري,وأرى,1
فاتياه,فأتياه,1
ينسي,ينسى,1
انعامكم,أنعامكم,1
اريناه,أريناه,1
وابي,وأبى,1
فلناتينك,فلنأتينك,1
سوي,سوى,1
الزينه,الزينة,1
المثلي,المثلى,1
استعلي,استعلى,1
فلاقطعن,فلأقطعن,1
اينا,أينا,1
نوثرك,نؤثرك,1
اكرهتنا,أكرهتنا,1
ياته,يأته,1
تخشي,تخشى,1
اعجلك,أعجلك,1
اثري,أثري,1
لترضي,لترضى,1
واضلهم,وأضلهم,1
افطال,أفطال,1
فاخلفتم,فأخلفتم,1
اخلفنا,أخلفنا,1
اوزارا,أوزارا,1
افعصيت,أفعصيت,1
تاخذ,تأخذ,1
براسي,برأسي,1
قبضه,قبضة,1
امثلهم,أمثلهم,1
طريقه,طريقة,1
امتا,أمتا,1
فتشقي,فتشقى,1
تعري,تعرى,1
وانك,وأنك,1
تظما,تظمأ,1
تضحي,تضحى,1
ادلك,أدلك,1
يبلي,يبلى,1
فاكلا,فأكلا,1
فغوي,فغوى,1
يشقي,يشقى,1
معيشه,معيشة,1
اتتك,أتتك,1
اسرف,أسرف,1
واطراف,وأطراف,1
زهره,زهرة,1
نسالك,نسألك,1
ونخزي,ونخزى,1
لاهيه,لاهية,1
افتاتون,أفتأتون,1
فلياتنا,فليأتنا,1
فانجيناهم,فأنجيناهم,1
واهلكنا,وأهلكنا,1
احسوا,أحسوا,1
اترفتم,أترفتم,1
اياتها,آياتها,1
راك,رآك,1
يكلوكم,يكلؤكم,1
انذركم,أنذركم,1
نفحه,نفحة,1
افانتم,أفأنتم,1
لاكيدن,لأكيدن,1
اصنامكم,أصنامكم,1
فتي,فتى,1
فاسالوهم,فاسألوهم,1
افتعبدون,أفتعبدون,1
وارادوا,وأرادوا,1
الاخسرين,الأخسرين,1
وادخلناه,وأدخلناه,1
صنعه,صنعة,1
عاصفه,عاصفة,1
وادريس,وإدريس,1
وادخلناهم,وأدخلناهم,1
واصلحنا,وأصلحنا,1
شاخصه,شاخصة,1
ابصار,أبصار,1
بدانا,بدأنا,1
اذنتكم,آذنتكم,1
زلزله,زلزلة,1
مرضعه,مرضعة,1
ارضعت,أرضعت,1
بسكاري,بسكارى,1
هامده,هامدة,1
وانبتت,وأنبتت,1
اصابه,أصابه,1
اطمان,اطمأن,1
اصابته,أصابته,1
بالحاد,بإلحاد,1
والقايمين,والقائمين,1
واذن,وأذن,1
البايس,البائس,1
واحلت,وأحلت,1
الاوثان,الأوثان,1
فالهكم,فإلهكم,1
دماوها,دماؤها,1
وامروا,وأمروا,1
فكاين,فكأين,1
وبير,وبئر,1
معطله,معطلة,1
كالف,كألف,1
امليت,أمليت,1
اخذتها,أخذتها,1
والي,وإلي,1
امنيته,أمنيته,1
والقاسيه,والقاسية,1
فيومنوا,فيؤمنوا,1
مخضره,مخضرة,1
احياكم,أحياكم,1
افانبيكم,أفأنبئكم,1
للزكاه,للزكاة,1
النطفه,النطفة,1
العلقه,العلقة,1
المضغه,المضغة,1
انشاناه,أنشأناه,1
فاسكناه,فأسكناه,1
فانشانا,فأنشأنا,1
وشجره,وشجرة,1
للاكلين,للآكلين,1
انزلني,أنزلني,1
واترفناهم,وأترفناهم,1
اطعتم,أطعتم,1
ايعدكم,أيعدكم,1
تتري,تترى,1
فاتبعنا,فأتبعنا,1
واويناهما,وآويناهما,1
ربوه,ربوة,1
ايحسبون,أيحسبون,1
اتوا,آتوا,1
وجله,وجلة,1
اعمال,أعمال,1
يجارون,يجأرون,1
تجاروا,تجأروا,1
واعوذ,وأعوذ,1
قايلها,قائلها,1
انساب,أنساب,1
اخسيوا,اخسئوا,1
انسوكم,أنسوكم,1
افحسبتم,أفحسبتم,1
وانكم,وأنكم,1
انزلناها,أنزلناها,1
الزانيه,الزانية,1
تاخذكم,تأخذكم,1
زانيه,زانية,1
والزانيه,والزانية,1
فشهاده,فشهادة,1
ويدرا,ويدرأ,1
بالافك,بالإفك,1
بالسنتكم,بألسنتكم,1
زكي,زكى,1
ياتل,يأتل,1
والسعه,والسعة,1
يوتوا,يؤتوا,1
وايديهم,وأيديهم,1
تستانسوا,تستأنسوا,1
مسكونه,مسكونة,1
للمومنات,للمؤمنات,1
ابصارهن,أبصارهن,1
اباء,آباء,1
الاربه,الإربة,1
بارجلهن,بأرجلهن,1
وانكحوا,وأنكحوا,1
الايامي,الأيامى,1
وامايكم,وإمائكم,1
اردن,أردن,1
اكراههن,إكراههن,1
كمشكاه,كمشكاة,1
زجاجه,زجاجة,1
الزجاجه,الزجاجة,1
زيتونه,زيتونة,1
شرقيه,شرقية,1
غربيه,غربية,1
بقيعه,بقيعة,1
الظمان,الظمآن,1
يولف,يؤلف,1
بالابصار,بالأبصار,1
امرتهم,أمرتهم,1
معروفه,معروفة,1
امنا,أمنا,1
ليستاذنكم,ليستأذنكم,1
الظهيره,الظهيرة,1
الاطفال,الأطفال,1
فليستاذنوا,فليستأذنوا,1
استاذن,استأذن,1
اخوانكم,إخوانكم,1
اخواتكم,أخواتكم,1
اعمامكم,أعمامكم,1
اخوالكم,أخوالكم,1
يستاذنوه,يستأذنوه,1
استاذنوك,استأذنوك,1
شانهم,شأنهم,1
واعانه,وأعانه,1
اخرون,آخرون,1
تملي,تملى,1
راتهم,رأتهم,1
اضللتم,أضللتم,1
اتصبرون,أتصبرون,1
اضلني,أضلني,1
جمله,جملة,1
ياتونك,يأتونك,1
اغرقناهم,أغرقناهم,1
امطرت,أمطرت,1
راوك,رأوك,1
واناسي,وأناسي,1
انسجد,أنسجد,1
تامرنا,تأمرنا,1
خلفه,خلفة,1
اثاما,أثاما,1
الغرفه,الغرفة,1
يعبا,يعبأ,1
دعاوكم,دعاؤكم,1
فسياتيهم,فسيأتيهم,1
انبتنا,أنبتنا,1
فاتيا,فأتيا,1
لاجعلنك,لأجعلنك,1
جيتك,جئتك,1
للملا,للملإ,1
بعزه,بعزة,1
لشرذمه,لشرذمة,1
لغايظون,لغائظون,1
فاخرجناهم,فأخرجناهم,1
فاتبعوهم,فأتبعوهم,1
تراءي,تراءى,1
وازلفنا,وأزلفنا,1
الاقدمون,الأقدمون,1
اطمع,أطمع,1
خطييتي,خطيئتي,1
ورثه,ورثة,1
لابي,لأبي,1
اضلنا,أضلنا,1
الارذلون,الأرذلون,1
اتبنون,أتبنون,1
بانعام,بأنعام,1
اوعظت,أوعظت,1
اتتركون,أتتركون,1
واهلي,وأهلي,1
والجبله,والجبلة,1
فاسقط,فأسقط,1
الظله,الظلة,1
الاعجمين,الأعجمين,1
فقراه,فقرأه,1
فياتيهم,فيأتيهم,1
الاقربين,الأقربين,1
لتلقي,لتلقى,1
ساتيكم,سآتيكم,1
نمله,نملة,1
وادخلني,وأدخلني,1
الغايبين,الغائبين,1
لاعذبنه,لأعذبنه,1
لاذبحنه,لأذبحنه,1
لياتيني,ليأتيني,1
احطت,أحطت,1
وجيتك,وجئتك,1
سبا,سبإ,1
واوتيت,وأوتيت,1
اصدقت,أصدقت,1
فالقه,فألقه,1
قاطعه,قاطعة,1
تامرين,تأمرين,1
افسدوها,أفسدوها,1
مرسله,مرسلة,1
بهديه,بهدية,1
فناظره,فناظرة,1
اتمدونن,أتمدونن,1
فلناتينهم,فلنأتينهم,1
ياتوني,يأتوني,1
ااشكر,أأشكر,1
اكفر,أكفر,1
اتهتدي,أتهتدي,1
اهكذا,أهكذا,1
راته,رأته,1
لجه,لجة,1
واسلمت,وأسلمت,1
بهجه,بهجة,1
غايبه,غائبة,1
اكذبتم,أكذبتم,1
اماذا,أماذا,1
اتوه,أتوه,1
جامده,جامدة,1
اتقن,أتقن,1
البلده,البلدة,1
اتلو,أتلو,1
ارضعيه,أرضعيه,1
فالقيه,فألقيه,1
فواد,فؤاد,1
لاخته,لأخته,1
واستوي,واستوى,1
فقضي,فقضى,1
اتريد,أتريد,1
ياتمرون,يأتمرون,1
امراتين,امرأتين,1
وابونا,وأبونا,1
فسقي,فسقى,1
استاجره,استأجره,1
استاجرت,استأجرت,1
انكحك,أنكحك,1
تاجرني,تأجرني,1
اتممت,أتممت,1
ايما,أيما,1
الاجلين,الأجلين,1
الاجل,الأجل,1
انس,آنس,1
جذوه,جذوة,1
شاطي,شاطئ,1
البقعه,البقعة,1
المباركه,المباركة,1
اقبل,أقبل,1
الامنين,الآمنين,1
افصح,أفصح,1
فارسله,فأرسله,1
باخيك,بأخيك,1
اليكما,إليكما,1
انتما,أنتما,1
فاوقد,فأوقد,1
واتبعناهم,وأتبعناهم,1
اتبعه,أتبعه,1
يجبي,يجبى,1
امها,أمها,1
اغوينا,أغوينا,1
اغويناهم,أغويناهم,1
تبرانا,تبرأنا,1
فبغي,فبغى,1
بالعصبه,بالعصبة,1
اتاك,آتاك,1
ويكان,ويكأن,1
ويكانه,ويكأنه,1
احسب,أحسب,1
اوذي,أوذي,1
واثقالا,وأثقالا,1
وليسالن,وليسألن,1
افكا,إفكا,1
بدا,بدأ,1
ينشي,ينشئ,1
فانجاه,فأنجاه,1
وتاتون,وتأتون,1
اوهن,أوهن,1
تنهي,تنهى,1
والهنا,وإلهنا,1
لرحمه,لرحمة,1
ولياتينهم,وليأتينهم,1
ارضي,أرضي,1
وبنعمه,وبنعمة,1
ويوميذ,ويومئذ,1
واثاروا,وأثاروا,1
السواي,السوأى,1
روضه,روضة,1
والوانكم,وألوانكم,1
وابتغاوكم,وابتغاؤكم,1
اهون,أهون,1
فانتم,فأنتم,1
اذاقهم,أذاقهم,1
فات,فآت,1
فلانفسهم,فلأنفسهم,1
اثار,آثار,1
فراوه,فرأوه,1
وشيبه,وشيبة,1
اذنيه,أذنيه,1
فاروني,فأروني,1
صخره,صخرة,1
انكر,أنكر,1
واسبغ,وأسبغ,1
وباطنه,وباطنة,1
فننبيهم,فننبئهم,1
اقلام,أقلام,1
ابحر,أبحر,1
وبدا,وبدأ,1
ابصرنا,أبصرنا,1
لاتينا,لآتينا,1
تتجافي,تتجافى,1
اخفي,أخفي,1
فماواهم,فمأواهم,1
لقايه,لقائه,1
انعامهم,أنعامهم,1
ادعياءكم,أدعياءكم,1
اخطاتم,أخطأتم,1
وازواجه,وأزواجه,1
اوليايكم,أوليائكم,1
ليسال,ليسأل,1
ويستاذن,ويستأذن,1
عوره,عورة,1
بعوره,بعورة,1
اقطارها,أقطارها,1
سيلوا,سئلوا,1
لاتوها,لآتوها,1
والقايلين,والقائلين,1
بالسنه,بألسنة,1
انبايكم,أنبائكم,1
وتاسرون,وتأسرون,1
واورثكم,وأورثكم,1
ارضهم,أرضهم,1
وارضا,وأرضا,1
تطيوها,تطئوها,1
امتعكن,أمتعكن,1
واسرحكن,وأسرحكن,1
نوتها,نؤتها,1
اجرها,أجرها,1
كاحد,كأحد,1
واقمن,وأقمن,1
واتين,وآتين,1
واطعن,وأطعن,1
والمومنين,والمؤمنين,1
والصايمين,والصائمين,1
والصايمات,والصائمات,1
وانعمت,وأنعمت,1
وتخشي,وتخشى,1
ادعيايهم,أدعيائهم,1
اذاهم,أذاهم,1
احللنا,أحللنا,1
وامراه,وامرأة,1
وتووي,وتؤوي,1
اعينهن,أعينهن,1
اتيتهن,آتيتهن,1
اناه,إناه,1
مستانسين,مستأنسين,1
يوذي,يؤذي,1
سالتموهن,سألتموهن,1
فاسالوهن,فاسألوهن,1
توذوا,تؤذوا,1
يوذين,يؤذين,1
اخذوا,أخذوا,1
فاضلونا,فأضلونا,1
اتهم,آتهم,1
اذوا,آذوا,1
فبراه,فبرأه,1
الامانه,الأمانة,1
فابين,فأبين,1
واشفقن,وأشفقن,1
لتاتينكم,لتأتينكم,1
ويري,ويرى,1
افتري,أفترى,1
اوبي,أوبي,1
والنا,وألنا,1
واسلنا,وأسلنا,1
منساته,منسأته,1
لسبا,لسبإ,1
واثل,وأثل,1
واياما,وأياما,1
اسفارنا,أسفارنا,1
اجرمنا,أجرمنا,1
نسال,نسأل,1
الحقتم,ألحقتم,1
تستاخرون,تستأخرون,1
انحن,أنحن,1
تامروننا,تأمروننا,1
اعناق,أعناق,1
اعظكم,أعظكم,1
بواحده,بواحدة,1
وفرادي,وفرادى,1
واخذوا,وأخذوا,1
باشياعهم,بأشياعهم,1
اجنحه,أجنحة,1
فاحيينا,فأحيينا,1
سايغ,سائغ,1
ينبيك,ينبئك,1
مثقله,مثقلة,1
الاحياء,الأحياء,1
الاموات,الأموات,1
اورثنا,أورثنا,1
اذهب,أذهب,1
احلنا,أحلنا,1
المقامه,المقامة,1
امسكهما,أمسكهما,1
الامم,الأمم,1
اغلالا,أغلالا,1
الاذقان,الأذقان,1
فاغشيناهم,فأغشيناهم,1
بمغفره,بمغفرة,1
واثارهم,وآثارهم,1
امام,إمام,1
ااتخذ,أأتخذ,1
احييناها,أحييناها,1
واخرجنا,وأخرجنا,1
لياكلوا,ليأكلوا,1
انطعم,أنطعم,1
اطعمه,أطعمه,1
تاخذهم,تأخذهم,1
توصيه,توصية,1
متكيون,متكئون,1
اعهد,أعهد,1
انشاها,أنشأها,1
الاخضر,الأخضر,1
الخطفه,الخطفة,1
مسيولون,مسئولون,1
تاتوننا,تأتوننا,1
لذايقون,لذائقون,1
فاغويناكم,فأغويناكم,1
لذايقو,لذائقو,1
بكاس,بكأس,1
افما,أفما,1
اصل,أصل,1
الفوا,ألفوا,1
ايفكا,أئفكا,1
نظره,نظرة,1
فاقبلوا,فأقبلوا,1
فارادوا,فأرادوا,1
اذبحك,أذبحك,1
اسلما,أسلما,1
واتيناهما,وآتيناهما,1
انهما,إنهما,1
الياس,إلياس,1
اتدعون,أتدعون,1
ال,إل,1
ابق,أبق,1
وارسلناه,وأرسلناه,1
الربك,ألربك,1
اصطفي,أصطفى,1
وابصرهم,وأبصرهم,1
عزه,عزة,1
الالهه,الآلهة,1
المله,الملة,1
اانزل,أأنزل,1
الايد,الأيد,1
والاشراق,والإشراق,1
محشوره,محشورة,1
بغي,بغى,1
اكفلنيها,أكفلنيها,1
بسوال,بسؤال,1
واناب,وأناب,1
والاعناق,والأعناق,1
عطاونا,عطاؤنا,1
ايوب,أيوب,1
الايدي,الأيدي,1
اخلصناهم,أخلصناهم,1
بخالصه,بخالصة,1
مفتحه,مفتحة,1
اتراب,أتراب,1
الاشرار,الأشرار,1
اتخذناهم,أتخذناهم,1
بالملا,بالملإ,1
استكبرت,أستكبرت,1
لاغوينهم,لأغوينهم,1
نباه,نبأه,1
لاصطفي,لاصطفى,1
وقايما,وقائما,1
وارض,وأرض,1
يوفي,يوفى,1
لان,لأن,1
وانابوا,وأنابوا,1
احسنه,أحسنه,1
مبنيه,مبنية,1
للقاسيه,للقاسية,1
فاذاقهم,فأذاقهم,1
اشمازت,اشمأزت,1
اسرفوا,أسرفوا,1
وانيبوا,وأنيبوا,1
واسلموا,وأسلموا,1
حسرتي,حسرتى,1
فاكون,فأكون,1
مسوده,مسودة,1
تامروني,تأمروني,1
اشركت,أشركت,1
واشرقت,وأشرقت,1
نتبوا,نتبوأ,1
والاحزاب,والأحزاب,1
لياخذوه,ليأخذوه,1
ويومنون,ويؤمنون,1
وادخلهم,وأدخلهم,1
امتنا,أمتنا,1
واحييتنا,وأحييتنا,1
اقتل,أقتل,1
اتقتلون,أتقتلون,1
اريكم,أريكم,1
اهديكم,أهديكم,1
داب,دأب,1
اسباب,أسباب,1
فاطلع,فأطلع,1
اهدكم,أهدكم,1
النجاه,النجاة,1
لاكفر,لأكفر,1
واشرك,وأشرك,1
وافوض,وأفوض,1
بال,بآل,1
ادخلوا,أدخلوا,1
لخزنه,لخزنة,1
استجب,أستجب,1
اذاننا,آذاننا,1
اقواتها,أقواتها,1
وللارض,وللأرض,1
ايتيا,ائتيا,1
طايعين,طائعين,1
انذرتكم,أنذرتكم,1
اخزي,أخزى,1
العمي,العمى,1
انطقنا,أنطقنا,1
انطق,أنطق,1
ابصاركم,أبصاركم,1
ارداكم,أرداكم,1
اضلانا,أضلانا,1
وابشروا,وأبشروا,1
بالجنه,بالجنة,1
اولياوكم,أولياؤكم,1
يسامون,يسأمون,1
اعجميا,أعجميا,1
ااعجمي,أأعجمي,1
عمي,عمى,1
اكمامها,أكمامها,1
اذناك,آذناك,1
يسام,يسأم,1
فييوس,فيئوس,1
للحسني,للحسنى,1
فلننبين,فلننبئن,1
الافاق,الآفاق,1
يذروكم,يذرؤكم,1
وصي,وصى,1
اورثوا,أورثوا,1
لاعدل,لأعدل,1
داحضه,داحضة,1
الموده,المودة,1
وامرهم,وأمرهم,1
شوري,شورى,1
ملجا,ملجإ,1
واناثا,وإناثا,1
افنضرب,أفنضرب,1
فاهلكنا,فأهلكنا,1
ومضي,ومضى,1
فانشرنا,فأنشرنا,1
واصفاكم,وأصفاكم,1
ينشا,ينشأ,1
الحليه,الحلية,1
اشهدوا,أشهدوا,1
ويسالون,ويسألون,1
باهدي,بأهدى,1
يتكيون,يتكئون,1
اجعلنا,أجعلنا,1
واخذناهم,وأخذناهم,1
اسوره,أسورة,1
فاطاعوه,فأطاعوه,1
اسفونا,آسفونا,1
للاخرين,للآخرين,1
االهتنا,أآلهتنا,1
للساعه,للساعة,1
ولابين,ولأبين,1
الاخلاء,الأخلاء,1
جيناكم,جئناكم,1
ابرموا,أبرموا,1
فانا,فأنا,1
عايدون,عائدون,1
البطشه,البطشة,1
ادوا,أدوا,1
الاثيم,الأثيم,1
الموته,الموتة,1
شريعه,شريعة,1
ولتجزي,ولتجزى,1
واضله,وأضله,1
جاثيه,جاثية,1
تدعي,تدعى,1
بانكم,بأنكم,1
اثاره,أثارة,1
دعايهم,دعائهم,1
اتعدانني,أتعدانني,1
اذهبتم,أذهبتم,1
اخا,أخا,1
بالاحقاف,بالأحقاف,1
لتافكنا,لتأفكنا,1
وابلغكم,وأبلغكم,1
اوديتهم,أوديتهم,1
وابصارا,وأبصارا,1
وافيده,وأفئدة,1
انصتوا,أنصتوا,1
اجيبوا,أجيبوا,1
اثخنتموهم,أثخنتموهم,1
اوزارها,أوزارها,1
اقدامكم,أقدامكم,1
وياكلون,ويأكلون,1
اخرجتك,أخرجتك,1
انهار,أنهار,1
اسن,آسن,1
مصفي,مصفى,1
امعاءهم,أمعاءهم,1
انفا,آنفا,1
واتاهم,وآتاهم,1
اشراطها,أشراطها,1
محكمه,محكمة,1
فاصمهم,فأصمهم,1
واعمي,وأعمى,1
اقفالها,أقفالها,1
واملي,وأملى,1
اسرارهم,إسرارهم,1
اسخط,أسخط,1
اضغانهم,أضغانهم,1
لاريناكهم,لأريناكهم,1
يسالكموها,يسألكموها,1
اضغانكم,أضغانكم,1
فسيوتيه,فسيؤتيه,1
واهلونا,وأهلونا,1
اهليهم,أهليهم,1
لتاخذوها,لتأخذوها,1
واثابهم,وأثابهم,1
ياخذونها,يأخذونها,1
تاخذونها,تأخذونها,1
مكه,مكة,1
اظفركم,أظفركم,1
تطيوهم,تطئوهم,1
معره,معرة,1
الحميه,الحمية,1
حميه,حمية,1
والزمهم,وألزمهم,1
اشداء,أشداء,1
شطاه,شطأه,1
فازره,فآزره,1
اصواتكم,أصواتكم,1
اصواتهم,أصواتهم,1
واقسطوا,وأقسطوا,1
اخويكم,أخويكم,1
بالالقاب,بالألقاب,1
ايحب,أيحب,1
وانثي,وأنثى,1
وقبايل,وقبائل,1
اكرمكم,أكرمكم,1
اتقاكم,أتقاكم,1
اسلمنا,أسلمنا,1
اسلامكم,إسلامكم,1
تبصره,تبصرة,1
واحيينا,وأحيينا,1
واخوان,وإخوان,1
افعيينا,أفعيينا,1
يتلقي,يتلقى,1
سكره,سكرة,1
سايق,سائق,1
القيا,ألقيا,1
فالقياه,فألقياه,1
اطغيته,أطغيته,1
امتلات,امتلأت,1
وادبار,وأدبار,1
افك,أفك,1
اخذين,آخذين,1
وبالاسحار,وبالأسحار,1
فاقبلت,فأقبلت,1
صره,صرة,1
ارسلناه,أرسلناه,1
اتت,أتت,1
بايد,بأيد,1
اتواصوا,أتواصوا,1
اصحابهم,أصحابهم,1
افسحر,أفسحر,1
بايمان,بإيمان,1
الحقنا,ألحقنا,1
التناهم,ألتناهم,1
وامددناهم,وأمددناهم,1
تاثيم,تأثيم,1
لولو,لؤلؤ,1
تامرهم,تأمرهم,1
احلامهم,أحلامهم,1
فليات,فليأت,1
وادبار,وإدبار,1
غوي,غوى,1
القوي,القوى,1
فتدلي,فتدلى,1
الفواد,الفؤاد,1
افتمارونه,أفتمارونه,1
نزله,نزلة,1
سدره,سدرة,1
السدره,السدرة,1
والعزي,والعزى,1
ومناه,ومناة,1
الثالثه,الثالثة,1
الكم,ألكم,1
ضيزي,ضيزى,1
ويرضي,ويرضى,1
تسميه,تسمية,1
اجنه,أجنة,1
واعطي,وأعطى,1
واكدي,وأكدى,1
اعنده,أعنده,1
وفي,وفى,1
الاوفي,الأوفى,1
اضحك,أضحك,1
وابكي,وأبكى,1
امات,أمات,1
واحيا,وأحيا,1
واقني,وأقنى,1
الشعري,الشعرى,1
ابقي,أبقى,1
واطغي,وأطغى,1
والموتفكه,والمؤتفكة,1
اهوي,أهوى,1
غشي,غشى,1
تتماري,تتمارى,1
ازفت,أزفت,1
كاشفه,كاشفة,1
حكمه,حكمة,1
فالتقي,فالتقى,1
الواح,ألواح,1
ابشرا,أبشرا,1
االقي,أألقي,1
الاشر,الأشر,1
فتعاطي,فتعاطى,1
انذرهم,أنذرهم,1
اكفاركم,أكفاركم,1
اوليكم,أولئكم,1
ادهي,أدهى,1
اشياعكم,أشياعكم,1
للانام,للأنام,1
الاكمام,الأكمام,1
المنشات,المنشآت,1
ويبقي,ويبقى,1
يساله,يسأله,1
اقطار,أقطار,1
ورده,وردة,1
فيوخذ,فيؤخذ,1
والاقدام,والأقدام,1
ان,آن,1
افنان,أفنان,1
بطاينها,بطائنها,1
استبرق,إستبرق,1
وجني,وجنى,1
خافضه,خافضة,1
رافعه,رافعة,1
فاصحاب,فأصحاب,1
موضونه,موضونة,1
باكواب,بأكواب,1
واباريق,وأباريق,1
وكاس,وكأس,1
كامثال,كأمثال,1
تاثيما,تأثيما,1
مقطوعه,مقطوعة,1
ممنوعه,ممنوعة,1
انشاناهن,أنشأناهن,1
انشاء,إنشاء,1
ابكارا,أبكارا,1
وثله,وثلة,1
ايذا,أئذا,1
والاخرين,والآخرين,1
وننشيكم,وننشئكم,1
انزلتموه,أنزلتموه,1
اجاجا,أجاجا,1
انشاتم,أنشأتم,1
المنشيون,المنشئون,1
لقران,لقرآن,1
افبهذا,أفبهذا,1
حينيذ,حينئذ,1
وتصليه,وتصلية,1
والاخر,والآخر,1
الاماني,الأماني,1
ماواكم,مأواكم,1
يان,يأن,1
الامد,الأمد,1
اعجب,أعجب,1
نبراها,نبرأها,1
تاسوا,تأسوا,1
ورهبانيه,ورهبانية,1
فاتينا,فآتينا,1
فاطعام,فإطعام,1
احصاه,أحصاه,1
ااشفقتم,أأشفقتم,1
الاذلين,الأذلين,1
لاغلبن,لأغلبن,1
اخوانهم,إخوانهم,1
وايدهم,وأيدهم,1
لاول,لأول,1
وايدي,وأيدي,1
لينه,لينة,1
اصولها,أصولها,1
اوجفتم,أوجفتم,1
دوله,دولة,1
الاغنياء,الأغنياء,1
ويوثرون,ويؤثرون,1
خصاصه,خصاصة,1
ولاخواننا,ولإخواننا,1
اخرجتم,أخرجتم,1
لانتم,لأنتم,1
رهبه,رهبة,1
محصنه,محصنة,1
باسهم,بأسهم,1
لرايته,لرأيته,1
المومن,المؤمن,1
الباري,البارئ,1
اخفيتم,أخفيتم,1
اعلنتم,أعلنتم,1
والسنتهم,وألسنتهم,1
براء,برآء,1
لاستغفرن,لأستغفرن,1
انبنا,أنبنا,1
واخرجوكم,وأخرجوكم,1
اخراجكم,إخراجكم,1
بايمانهن,بإيمانهن,1
وليسالوا,وليسألوا,1
فاتوا,فآتوا,1
وارجلهن,وأرجلهن,1
توذونني,تؤذونني,1
ازاغ,أزاغ,1
احمد,أحمد,1
يدعي,يدعى,1
ليطفيوا,ليطفئوا,1
فامنت,فآمنت,1
فايدنا,فأيدنا,1
اسفارا,أسفارا,1
للصلاه,للصلاة,1
الجمعه,الجمعة,1
التجاره,التجارة,1
اجسامهم,أجسامهم,1
مسنده,مسندة,1
ورايتهم,ورأيتهم,1
استغفرت,أستغفرت,1
الاعز,الأعز,1
الاذل,الأذل,1
اخرتني,أخرتني,1
فاصدق,فأصدق,1
ابشر,أبشر,1
لتنبون,لتنبؤن,1
واحصوا,وأحصوا,1
ييسن,يئسن,1
واولات,وأولات,1
الاحمال,الأحمال,1
اسكنوهن,أسكنوهن,1
اولات,أولات,1
فانفقوا,فأنفقوا,1
ارضعن,أرضعن,1
واتمروا,وأتمروا,1
اتاها,آتاها,1
تحله,تحلة,1
نبات,نبأت,1
واظهره,وأظهره,1
نباها,نبأها,1
انباك,أنبأك,1
نباني,نبأني,1
تايبات,تائبات,1
سايحات,سائحات,1
وابكارا,وأبكارا,1
واهليكم,وأهليكم,1
اتمم,أتمم,1
وامرات,وامرأت,1
والحياه,والحياة,1
خاسيا,خاسئا,1
سالهم,سألهم,1
اامنتم,أأمنتم,1
زلفه,زلفة,1
سييت,سيئت,1
اهلكني,أهلكني,1
اصبح,أصبح,1
ماوكم,ماؤكم,1
باييكم,بأييكم,1
فاصبحت,فأصبحت,1
راوها,رأوها,1
اوسطهم,أوسطهم,1
افنجعل,أفنجعل,1
بابصارهم,بأبصارهم,1
بالقارعه,بالقارعة,1
بالطاغيه,بالطاغية,1
عاتيه,عاتية,1
وثمانيه,وثمانية,1
صرعي,صرعى,1
بالخاطيه,بالخاطئة,1
اخذه,أخذة,1
رابيه,رابية,1
الجاريه,الجارية,1
واعيه,واعية,1
نفخه,نفخة,1
دكه,دكة,1
واهيه,واهية,1
ارجايها,أرجائها,1
تخفي,تخفى,1
خافيه,خافية,1
هاوم,هاؤم,1
اسلفتم,أسلفتم,1
الخاليه,الخالية,1
اوت,أوت,1
ادر,أدر,1
القاضيه,القاضية,1
سلسله,سلسلة,1
الخاطيون,الخاطئون,1
الاقاويل,الأقاويل,1
لاخذنا,لأخذنا,1
لتذكره,لتذكرة,1
لحسره,لحسرة,1
سال,سأل,1
سايل,سائل,1
توويه,تؤويه,1
لظي,لظى,1
نزاعه,نزاعة,1
للشوي,للشوى,1
فاوعي,فأوعى,1
دايمون,دائمون,1
مامون,مأمون,1
قايمون,قائمون,1
ايطمع,أيطمع,1
دعايي,دعائي,1
واصروا,وأصروا,1
اعلنت,أعلنت,1
واسررت,وأسررت,1
اسرارا,إسرارا,1
اطوارا,أطوارا,1
انبتكم,أنبتكم,1
اخراجا,إخراجا,1
اضلوا,أضلوا,1
خطيياتهم,خطيئاتهم,1
اغرقوا,أغرقوا,1
فادخلوا,فأدخلوا,1
انصارا,أنصارا,1
مليت,ملئت,1
الطريقه,الطريقة,1
لاسقيناهم,لأسقيناهم,1
اضعف,أضعف,1
ابلغوا,أبلغوا,1
واحاط,وأحاط,1
واحصي,وأحصى,1
ناشيه,ناشئة,1
وطيا,وطئا,1
النعمه,النعمة,1
انكالا,أنكالا,1
غصه,غصة,1
فعصي,فعصى,1
اخذا,أخذا,1
واعظم,وأعظم,1
فانذر,فأنذر,1
ازيد,أزيد,1
لاياتنا,لآياتنا,1
سارهقه,سأرهقه,1
يوثر,يؤثر,1
ساصليه,سأصليه,1
لواحه,لواحة,1
اسفر,أسفر,1
لاحدي,لإحدى,1
يتاخر,يتأخر,1
رهينه,رهينة,1
الخايضين,الخائضين,1
اتانا,أتانا,1
التذكره,التذكرة,1
مستنفره,مستنفرة,1
قسوره,قسورة,1
منشره,منشرة,1
واهل,وأهل,1
اللوامه,اللوامة,1
امامه,أمامه,1
وقرانه,وقرآنه,1
قراناه,قرأناه,1
قرانه,قرآنه,1
ناضره,ناضرة,1
ناظره,ناظرة,1
باسره,باسرة,1
فاقره,فاقرة,1
يتمطي,يتمطى,1
سدي,سدى,1
يمني,يمنى,1
امشاج,أمشاج,1
واغلالا,وأغلالا,1
كاس,كأس,1
واسيرا,وأسيرا,1
ودانيه,ودانية,1
بانيه,بآنية,1
تسمي,تسمى,1
لولوا,لؤلؤا,1
اثما,آثما,1
اسرهم,أسرهم,1
اقتت,أقتت,1
لاي,لأي,1
وامواتا,وأمواتا,1
واسقيناكم,وأسقيناكم,1
والاولين,والأولين,1
النبا,النبإ,1
اوتادا,أوتادا,1
الفافا,ألفافا,1
فتاتون,فتأتون,1
احقابا,أحقابا,1
واعنابا,وأعنابا,1
وكاسا,وكأسا,1
انذرناكم,أنذرناكم,1
الراجفه,الراجفة,1
الرادفه,الرادفة,1
واجفه,واجفة,1
ابصارها,أبصارها,1
الحافره,الحافرة,1
نخره,نخرة,1
خاسره,خاسرة,1
بالساهره,بالساهرة,1
واهديك,وأهديك,1
فتخشي,فتخشى,1
فاراه,فأراه,1
الايه,الآية,1
فاخذه,فأخذه,1
واغطش,وأغطش,1
واخرج,وأخرج,1
ارساها,أرساها,1
الطامه,الطامة,1
واثر,وآثر,1
ونهي,ونهى,1
عشيه,عشية,1
تصدي,تصدى,1
تلهي,تلهى,1
مكرمه,مكرمة,1
بايدي,بأيدي,1
سفره,سفرة,1
برره,بررة,1
اكفره,أكفره,1
اماته,أماته,1
فاقبره,فأقبره,1
انشره,أنشره,1
وحدايق,وحدائق,1
وابا,وأبا,1
الصاخه,الصاخة,1
وابيه,وأبيه,1
مسفره,مسفرة,1
ضاحكه,ضاحكة,1
مستبشره,مستبشرة,1
غبره,غبرة,1
قتره,قترة,1
الكفره,الكفرة,1
الفجره,الفجرة,1
الموءوده,الموءودة,1
سيلت,سئلت,1
ازلفت,أزلفت,1
احضرت,أحضرت,1
فاين,فأين,1
واخرت,وأخرت,1
صوره,صورة,1
بغايبين,بغائبين,1
راوهم,رأوهم,1
ارسلوا,أرسلوا,1
والقت,وألقت,1
ويصلي,ويصلى,1
الاخدود,الأخدود,1
والترايب,والترائب,1
تبلي,تبلى,1
السراير,السرائر,1
واكيد,وأكيد,1
امهلهم,أمهلهم,1
المرعي,المرعى,1
احوي,أحوى,1
سنقريك,سنقرئك,1
يصلي,يصلى,1
فصلي,فصلى,1
توثرون,تؤثرون,1
الغاشيه,الغاشية,1
عامله,عاملة,1
ناصبه,ناصبة,1
تصلي,تصلى,1
تسقي,تسقى,1
انيه,آنية,1
ناعمه,ناعمة,1
لاغيه,لاغية,1
جاريه,جارية,1
موضوعه,موضوعة,1
مبثوثه,مبثوثة,1
ايابهم,إيابهم,1
ارم,إرم,1
فاكثروا,فأكثروا,1
فاكرمه,فأكرمه,1
اكرمن,أكرمن,1
اهانن,أهانن,1
وتاكلون,وتأكلون,1
اكلا,أكلا,1
المطمينه,المطمئنة,1
مرضيه,مرضية,1
اهلكت,أهلكت,1
مسغبه,مسغبة,1
مقربه,مقربة,1
متربه,متربة,1
بالمرحمه,بالمرحمة,1
فالهمها,فألهمها,1
اشقاها,أشقاها,1
لشتي,لشتى,1
للعسري,للعسرى,1
تردي,تردى,1
للهدي,للهدى,1
للاخره,للآخرة,1
فانذرتكم,فأنذرتكم,1
تلظي,تلظى,1
الاتقي,الأتقى,1
والضحي,والضحى,1
سجي,سجى,1
قلي,قلى,1
فترضي,فترضى,1
فاوي,فآوى,1
عايلا,عائلا,1
فاغني,فأغنى,1
السايل,السائل,1
انقض,أنقض,1
باحكم,بأحكم,1
الاكرم,الأكرم,1
ليطغي,ليطغى,1
الرجعي,الرجعى,1
ينهي,ينهى,1
بالتقوي,بالتقوى,1
بالناصيه,بالناصية,1
ناصيه,ناصية,1
خاطيه,خاطئة,1
الزبانيه,الزبانية,1
قيمه,قيمة,1
ويوتوا,ويؤتوا,1
القيمه,القيمة,1
واخرجت,وأخرجت,1
اثقالها,أثقالها,1
اخبارها,أخبارها,1
فاثرن,فأثرن,1
فامه,فأمه,1
هاويه,هاوية,1
الهاكم,ألهاكم,1
همزه,همزة,1
لمزه,لمزة,1
اخلده,أخلده,1
الموقده,الموقدة,1
الافيده,الأفئدة,1
ممدده,ممددة,1
باصحاب,بأصحاب,1
ابابيل,أبابيل,1
بحجاره,بحجارة,1
ماكول,مأكول,1
لايلاف,لإيلاف,1
ايلافهم,إيلافهم,1
رحله,رحلة,1
اطعمهم,أطعمهم,1
وامنهم,وآمنهم,1
اعطيناك,أعطيناك,1
شانيك,شانئك,1
الابتر,الأبتر,1
ورايت,ورأيت,1
سيصلي,سيصلى,1
حماله,حمالة,1
