feature_set,fold,silhouette_before,silhouette_corrected,purity_before,purity_corrected,new_features,changed_frequencies,tree_correlation,shared_legacy_exact
words,True,0.387060944599789,0.38699412484909623,1.0,1.0,0,4,0.9999975314914831,True
word2,True,0.5977581779729271,0.5979886585114375,1.0,1.0,3,62,0.9999899412481172,True
char1,True,0.4876860617778277,0.5525936988227312,1.0,1.0,3,60,0.9998723838751928,True
char2,True,0.41671806532502875,0.411019407069382,1.0,1.0,1,320,0.9996405028181771,True
char3,True,0.39659392792652604,0.4053556545455883,1.0,1.0,1,250,0.9991928095770807,True
char5,True,0.4556475093724957,0.45139011313255645,1.0,1.0,2,256,0.998573074517748,True
char7,True,0.6263156030723295,0.6243755407815805,1.0,1.0,0,19,0.9998970913464291,True
words,False,0.387060944599789,0.48800682701753834,1.0,1.0,7,545,0.9788991863006795,True
word2,False,0.5977581779729271,0.6301518216475266,1.0,1.0,24,722,0.9529886555471863,True
char1,False,0.4876860617778277,0.6451147199236079,1.0,1.0,7,110,0.9985428398715043,True
char2,False,0.41671806532502875,0.47741706196074146,1.0,1.0,2,587,0.9997248984131266,True
char3,False,0.39659392792652604,0.46603404869476733,1.0,1.0,4,980,0.9845299863537809,True
char5,False,0.4556475093724957,0.4860714580537818,1.0,1.0,12,1577,0.9513913923697984,True
char7,False,0.6263156030723295,0.6473856432675207,1.0,1.0,17,910,0.9351852632598481,True
