period,author,poems,words,reported_verses
العصر العباسي,ابن الرومي,2020,279872,30146
العصر المملوكي,ابن نباته المصري,1727,129105,13289
العصر العباسي,أبو العلاء المعري,1611,113954,11891
العصر المملوكي,ابن الوردي,1233,37822,4270
العصر العباسي,ابو نواس,1175,76973,8851
العصر المملوكي,الشريف العقيلي,983,35201,3959
العصر العثماني,عبد الغني النابلسي,967,121678,13367
العصر العباسي,البحتري,932,151886,15809
العصر الايوبي,محيي الدين بن عربي,922,92966,9667
العصر المملوكي,صفي الدين الحلي,899,86880,9127
العصر العباسي,الأحنف العكبري,824,44143,4874
العصر الاموي,الفرزدق,782,72705,7251
العصر المملوكي,صلاح الدين الصفدي,780,17870,1842
العصر العباسي,ابو العتاهية,758,49029,5196
العصر العباسي,ابن المعتز,748,45061,5059
العصر المملوكي,لسان الدين بن الخطيب,746,77738,7973
العصر العباسي,أبو الفتح البستي,733,19378,2063
العصر العباسي,الصنوبري,693,60260,6686
العصر الايوبي,القاضي الفاضل,684,49063,4956
العصر الاموي,الكميت بن زيد,679,18885,2068
العصر العباسي,الشريف الرضي,679,148228,16012
العصر الايوبي,الحيص بيص,666,85043,9026
العصر العباسي,خالد الكاتب,643,23262,2584
العصر العباسي,بشار بن برد,639,68256,7307
العصر العباسي,عبد المحسن الصوري,623,48573,5326
العصر الايوبي,أسامة بن منقذ,601,39108,3988
العصر المملوكي,الشريف المرتضى,588,131009,13807
العصر المملوكي,تميم الفاطمي,565,54052,5947
العصر العباسي,السري الرفاء,559,69855,7670
العصر المملوكي,السراج الوراق,554,18372,1960
العصر الايوبي,ابن الساعاتي,519,102422,10574
العصر الأندلسي,ابن قلاقس,504,74399,8140
العصر العباسي,أبو تمام,489,72476,7400
العصر العباسي,العباس بن الأحنف,484,25778,2668
العصر المملوكي,ابن الجياب الغرناطي,477,15111,1612
العصر المملوكي,بهاء الدين زهير,450,33708,3813
العصر العباسي,أبو هلال العسكري,447,14992,1683
العصر العثماني,الامير منجك باشا,444,25392,2712
العصر العثماني,الأمير الصنعاني,433,74536,7788
العصر المملوكي,الشاب الظريف,425,24009,2485
المخضرمون,علي بن أبي طالب,424,15631,1650
العصر العباسي,دعبل الخزاعي,416,14777,1558
العصر العثماني,ابن زاكور,415,39194,4454
العصر الايوبي,ابن سناء الملك,414,73347,7738
العصر الاموي,عمر بن أبي ربيعة,412,36720,3924
العصر المملوكي,شهاب الدين الخلوف,401,96504,9826
العصر العثماني,علي الغراب الصفاقسي,394,27515,2751
العصر الايوبي,فتيان الشاغوري,392,61977,6507
العصر الأندلسي,الأبيوردي,390,59861,6220
العصر الايوبي,المكزون السنجاري,388,23030,2515
العصر العباسي,مهيار الديلمي,388,205575,22613
العصر العباسي,كشاجم,379,28743,3390
العصر الأندلسي,عبد الغفار الأخرس,378,112462,11836
العصر المملوكي,الطغرائي,375,39429,4224
العصر العباسي,الخبز أرزي,375,24412,2518
العصر العثماني,الهبل,374,34087,3552
العصر العثماني,جميل صدقي الزهاوي,373,60825,6656
العصر العثماني,جرمانوس فرحات,373,55109,5861
المخضرمون,حسان بن ثابت,371,24357,2514
العصر الأندلسي,ابن حمديس,366,59651,6195
العصر المملوكي,ابن المُقري,349,96025,9444
العصر العثماني,ابن النقيب,343,22663,2432
العصر العثماني,نيقولاوس الصائغ,342,54836,5649
العصر العباسي,الوأواء الدمشقي,333,14875,1576
العصر الايوبي,سبط ابن التعاويذي,332,68302,7846
العصر العباسي,المتنبي,323,53212,5499
العصر العباسي,الصاحب بن عباد,322,18372,2070
العصر الايوبي,ابن عنين,319,19331,1976
العصر العثماني,شهاب الدين الخفاجي,319,8519,914
العصر الأندلسي,ظافر الحداد,317,35012,3676
العصر الأندلسي,عمارة اليمني,316,65078,6863
العصر الأندلسي,أبو حيان الأندلسي,316,30145,3058
العصر الأندلسي,الأرجاني,315,125319,12935
العصر الاموي,قيس بن الملوح,312,17802,1712
العصر العثماني,ابن معصوم,307,43627,4828
العصر الايوبي,الأبله البغدادي,300,54201,6292
العصر العباسي,ابن نباتة السعدي,292,66403,7149
العصر الاموي,جرير,290,53917,5565
العصر العباسي,ابن عبد ربه,283,17881,1996
العصر العباسي,إبراهيم بن هرمة,278,8369,858
العصر المملوكي,ابن مليك الحموي,273,42495,4309
العصر العباسي,أبو فراس الحمداني,271,24342,2647
العصر العباسي,ابن حجاج,271,9911,1146
العصر الأندلسي,ابن خفاجه,260,27020,2869
العصر المملوكي,ابن الأبار البلنسي,253,44844,4767
العصر الأندلسي,أبو الحسن الششتري,238,22292,3283
العصر العباسي,إبراهيم الصولي,235,13646,1501
العصر الأندلسي,المعتمد بن عباد,233,10539,1128
العصر العثماني,ابن الجزري,231,38684,4061
العصر المملوكي,ابن سهل الأندلسي,227,27423,2999
العصر العباسي,محمود الوراق,227,6881,744
العصر الأندلسي,ابن خاتمة الأندلسي,226,15670,1729
العصر العباسي,الثعالبي,226,6765,739
العصر الاموي,الأحوص الأنصاري,223,9663,950
العصر العباسي,السيد الحميري,222,17767,1905
العصر العباسي,ابن الهبارية,216,26261,3314
العصر المملوكي,الباخرزي,210,10751,1127
العصر العباسي,جحظة البرمكي,209,5843,643
العصر الايوبي,اللواح,208,59856,6081
العصر العثماني,محمد المعولي,208,39008,4097
العصر العباسي,ديك الجن,208,8841,934
العصر العباسي,صريع الغواني,204,18921,1966
العصر الاموي,الأخطل,196,24404,2503
العصر الأندلسي,الميكالي,194,5511,615
العصر المملوكي,محمد بن حمير الهمداني,194,31411,3161
العصر العثماني,العُشاري,191,41864,4228
العصر الأندلسي,ابن فركون,190,44203,4560
العصر العباسي,رؤبة بن العجاج,185,27366,3145
العصر العباسي,ابن طباطبا العلوي,182,5585,619
العصر العباسي,علي بن الجهم,181,13684,1511
العصر الاموي,ذو الرمة,180,30833,3131
العصر الايوبي,بلبل الغرام الحاجري,178,13064,1382
العصر العباسي,عرقلة الدمشقي,178,9210,978
العصر الايوبي,العماد الأصبهاني,176,33258,3591
العصر الايوبي,أبو زيد الفازازي,175,19168,2088
العصر العباسي,ابن الزيات,174,12093,1337
العصر العباسي,ابن دراج القسطلي,171,57132,5935
العصر الأندلسي,ابن حزم الأندلسي,167,10011,988
العصر العباسي,عبدالصمد العبدي,166,6438,710
العصر الاموي,نصيب بن رباح,163,4806,471
العصر العثماني,أحمد الكيواني,163,31370,3530
العصر العثماني,ابن علوي الحداد,162,37354,4001
العصر المملوكي,مالك بن المرحل,162,29316,3109
العصر الجاهلي,عدي بن زيد,161,7612,818
العصر الاموي,أبو النجم العجلي,161,2396,243
العصر العثماني,أبو بحر الخطي,161,24394,2479
العصر العثماني,الكيذاوي,160,54039,5609
العصر الأندلسي,ابن زيدون,158,23408,2442
العصر المملوكي,أبو الحسين الجزار,158,13191,1341
العصر العثماني,ابن معتوق,154,39742,4102
العصر المملوكي,ابن زمرك,153,31595,3434
العصر المملوكي,ابن الخياط,152,29927,3088
العصر المملوكي,ابن الزقاق,151,15088,1583
العصر العباسي,ابن هندو,150,3880,406
العصر الاموي,أبو الأسود الدؤلي,149,7330,731
العصر العباسي,الببغاء,148,6659,692
العصر العباسي,بديع الزمان الهمذاني,147,13276,1484
العصر العباسي,الحسين بن الضحاك,146,7319,839
العصر الجاهلي,عنترة بن شداد,143,16745,1748
العصر الايوبي,الملك الأمجد,141,41645,4302
العصر الأندلسي,يوسف بن هارون الرمادي,139,6012,638
العصر العباسي,الحلاج,137,5048,554
العصر الأندلسي,ابن هذيل القرطبي,135,4845,513
العصر العباسي,الناشئ الأكبر,135,6130,675
العصر الاموي,كثير عزة,134,18008,1828
العصر الاموي,ابن الدمينة,130,11881,1203
العصر الايوبي,ابن دنينير,130,36197,3635
العصر العباسي,الإمام الشافعي,130,4239,429
العصر العباسي,صردر,130,27208,2955
العصر العباسي,أبو طالب المأموني,128,5226,585
العصر الاموي,الوليد بن يزيد,127,4235,501
العصر الاموي,الراعي النميري,126,12980,1355
العصر العباسي,ابن داود الظاهري,126,6318,602
المخضرمون,الحطيئة,124,10319,1053
العصر العباسي,أحمد بن طيفور,122,3667,372
العصر العباسي,ابن ميادة,122,5621,568
العصر العباسي,الوزير المهلبي,122,2491,279
المخضرمون,لبيد بن ربيعة,121,11437,1249
العصر الأندلسي,ابن حيوس,121,71035,7182
العصر الاموي,جميل بثينة,120,8025,786
العصر العباسي,ابن هانئ الأندلسي,119,43233,4432
العصر العباسي,أبو الحسن السلامي,118,6059,644
العصر المملوكي,ابن حجر العسقلاني,117,17473,1773
العصر العباسي,ابن سكرة,117,3611,414
العصر العباسي,ابو الحسن السلامي,117,6008,663
العصر العباسي,عمارة بن عقيل,115,3469,361
العصر الاموي,عبيد الله بن الرقيات,113,8735,1002
العصر الأندلسي,التطيلي الأعمى,111,28211,2980
العصر العباسي,أبو بكر الشبلي,109,2190,239
المخضرمون,عمرو بن معد يكرب,108,5661,638
العصر الأندلسي,ابن أبي الخصال,108,10532,1103
العصر العباسي,محمد بن حازم الباهلي,108,4684,507
العصر الأندلسي,العفيف التلمساني,107,9784,1003
العصر العباسي,أبو الحسن الجرجاني,107,6461,657
المخضرمون,العباس بن مرداس,106,5676,587
العصر العثماني,ابن الطيب الشرقي,106,7043,707
العصر العباسي,التهامي,105,33444,3410
المخضرمون,أمية بن أبي الصلت,102,6735,740
المخضرمون,تميم بن أبي بن مقبل,102,12758,1316
العصر العثماني,عبدالله الشبراوي,102,16075,1654
العصر الجاهلي,الخنساء,101,8953,964
العصر العباسي,علية بنت المهدي,101,2444,266
العصر العباسي,ابن دريد الأزدي,100,10482,1124
العصر الايوبي,كمال الدين بن النبيه,99,16214,1734
العصر الايوبي,ابن المقرب العيوني,98,52223,5152
العصر الايوبي,ابن جبير الشاطبي,98,5476,603
العصر الايوبي,داود بن عيسى الايوبي,97,11573,1244
العصر العباسي,إبراهيم بن المهدي,97,3595,377
المخضرمون,النابغة الجعدي,96,8705,922
العصر العثماني,الورغي,95,18269,1883
العصر العباسي,أبو بكر الخالدي,95,4606,509
العصر العثماني,أبو المعالي الطالوي,94,17345,1844
العصر المملوكي,البرعي,93,37297,3867
العصر العباسي,القاضي التنوخي,92,3715,403
العصر الاموي,العرجي,91,11414,1179
العصر العباسي,السراج البغدادي,91,4123,450
العصر العثماني,ابن النحاس الحلبي,87,14340,1539
العصر الاموي,البعيث المجاشعي,85,1949,196
العصر الاموي,بكر بن النطاح,85,3337,351
العصر الايوبي,الشهاب محمود بن سلمان,85,23550,2430
العصر العباسي,صالح بن عبد القدوس,85,3140,323
العصر الأندلسي,ابن شهيد,84,7896,845
العصر الاموي,قيس بن ذريح,83,4683,457
المخضرمون,الأعشى,82,20394,2233
العصر الاموي,زياد الأعجم,82,2547,259
العصر الأندلسي,ابن الحداد الأندلسي,81,6347,664
العصر الأندلسي,صفوان التجيبي,81,7067,736
العصر الجاهلي,النابغة الذبياني,80,6656,689
العصر الايوبي,الرصافي البلنسي,80,7043,722
العصر العثماني,نقولا النقاش,80,12346,1239
العصر العثماني,المحبي,80,2660,292
العصر الاموي,عبيد الله الجَعفي,79,3446,338
العصر الايوبي,ابن الفارض,79,18262,1764
العصر العباسي,أبو حية النميري,78,7102,739
العصر العباسي,الحمدوي,78,3036,335
العصر الاسلامي,مروان بن أبي حفصة,77,5420,549
العصر العباسي,أبو الشيص الخزاعي,77,3768,423
العصر الاموي,عدي بن الرقاع,76,11432,1202
العصر الجاهلي,دريد بن الصمة,75,3719,382
المخضرمون,الشماخ الذبياني,75,6881,725
العصر الاموي,الطرماح,75,16927,1830
العصر الاموي,عبد الرحمن بن حسان,75,3419,369
العصر الاموي,المرار الفقعسي,75,3753,392
العصر الاموي,أبو وجزة السعدي,75,3755,387
العصر الجاهلي,الأسود النهشلي,74,3404,359
العصر الاموي,ليلى الأخليلية,74,3749,378
العصر العباسي,أبو علي البصير,74,3083,328
العصر العباسي,ابن لنكك,74,1799,200
المخضرمون,كعب بن مالك الأنصاري,73,5216,554
العصر الاموي,عبد الله بن الزبير الأسدي,71,3581,354
العصر الايوبي,الجزار السرقسطي,71,8197,872
العصر العباسي,أبو بكر الخوارزمي,71,3036,321
العصر العباسي,الخريمي,71,4524,484
العصر الأندلسي,ابن هانئ الأصغر,70,4469,467
المخضرمون,عمرو الباهلي,69,4797,499
العصر الاسلامي,ابو محمد الفقعسي,69,392,47
العصر الايوبي,ابن الدهان,68,12407,1289
العصر العباسي,سلم الخاسر,68,2493,288
العصر الجاهلي,زيد الخيل الطائي,67,2523,263
العصر الأندلسي,ابن أبي البشر,66,4816,516
العصر العباسي,صاعد البغدادي,66,1292,143
العصر العباسي,أبو الشمقمق,66,2140,249
المخضرمون,أبو طالب,65,5650,582
المخضرمون,الاغلب العجلي,65,54,7
العصر الاموي,يزيد بن الطثرية,65,4284,419
العصر المملوكي,الصرصري,65,22984,2395
العصر العباسي,علي بن جبلة - العكوك,65,4720,551
العصر العباسي,الخليل الفراهيدي,65,1736,186
العصر العباسي,يحيى الغزال,65,3323,351
العصر الاموي,أبو جلدة اليشكري,64,4055,403
المخضرمون,عامر بن الطفيل,63,3447,368
العصر العثماني,احمد الغزال,62,1846,231
العصر العباسي,أبو هفان المهزمي,62,1412,157
المخضرمون,النجاشي الحارثي,60,2961,299
العصر الاموي,أعشى همدان,60,5755,620
المخضرمون,خداش العامري,59,2603,275
المخضرمون,حميد بن ثور الهلالي,59,5572,578
العصر الايوبي,أبو اليمن الكندي,59,5396,557
العصر المملوكي,البوصيري,59,30303,3167
العصر الاموي,الأخضر اللهبي,58,2155,222
العصر المملوكي,ابن الخيمي,58,4197,456
العصر الجاهلي,تأبط شراً,57,3626,373
العصر الاموي,عبد الله بن معاوية,57,1705,173
العصر الاموي,معاوية بن أبي سفيان,57,2131,212
العصر الاموي,حارثة بن بدر الغداني,57,2548,249
العصر العباسي,أبو عثمان الخالدي,57,2329,262
العصر العباسي,مصطفى البابي الحلبي,56,8615,906
العصر العباسي,ماني الموسوس,56,1656,184
العصر الجاهلي,بشر بن أبي خازم,55,7207,784
العصر الاموي,المغيرة بن حبناء,55,2157,209
العصر الايوبي,أبو العباس الجراوي,55,6227,658
العصر الجاهلي,زهير بن أبي سلمى,54,8733,900
المخضرمون,النمر بن تولب,54,2610,280
العصر الاموي,هدبة بن الخشرم,54,3773,371
العصر الاموي,أبو زبيد الطائي,54,4065,427
العصر العباسي,أبو نخيلة,54,1565,184
العصر الجاهلي,امرؤ القيس,53,7398,779
العصر الجاهلي,حاتم الطائي,53,3820,376
العصر الجاهلي,أوس بن حجر,53,5206,539
المخضرمون,خفاف بن ندبة السلمي,53,3437,373
العصر الاموي,سابق البربري,53,1945,186
العصر الايوبي,السهروردي المقتول,53,2098,233
العصر الأندلسي,مرج الكحل,53,2097,219
العصر العباسي,الراضي بالله,53,3039,358
العصر العباسي,أبو دُلامة,53,2836,304
العصر العباسي,المأمون,53,1241,138
العصر الاموي,مسكين الدارمي,52,2679,281
العصر الاموي,الحارث المخزومي,52,2264,233
العصر الاموي,العجير السلولي,52,2116,211
العصر الأندلسي,ابن وهبون,52,4540,462
العصر المملوكي,ابن خلكان,52,2361,231
العصر الجاهلي,عدي بن ربيعة,51,4073,443
المخضرمون,كعب بن زهير,51,6707,697
العصر الاموي,يزيد بن معاوية,50,1599,169
العصر الايوبي,أبو مدين التلمساني,50,5875,688
العصر الأندلسي,ابن السيد البطليوسي,50,4841,492
العصر العباسي,هارون الرشيد,50,1089,121
العصر الجاهلي,الطفيل الغنوي,49,3863,392
العصر الاموي,الحسين بن علي,49,2341,268
العصر العباسي,ابن سينا,49,3323,354
المخضرمون,المخبل السعدي,48,2248,240
المخضرمون,معن المزني,48,3312,325
العصر الاموي,الأقيشر الأسدي,48,1714,179
العصر الايوبي,ابن الجنان,48,9529,1002
العصر الأندلسي,ابن بقي القرطبي,48,3402,334
العصر الجاهلي,المتلمس الضبعي,47,2093,214
العصر الجاهلي,عبيد بن الأبرص,47,5863,632
العصر الاموي,عبد الله بن همام السلولي,47,2683,276
العصر الاموي,القتال الكلابي,47,2881,291
العصر الاموي,أبو دهبل الجمحي,47,2521,260
العصر الاموي,القطامي التغلبي,47,7690,812
العصر الايوبي,أبو الحسن بن حريق,47,4760,515
العصر الايوبي,أبو بكر بن مغاور,47,1623,187
العصر الأندلسي,ابن حريق البلنسي,47,4773,517
المخضرمون,مالك الأشتر,46,1501,170
العصر الاموي,طريح بن إسماعيل الثقفي,46,2313,233
العصر الجاهلي,عمرو بن كلثوم,44,2552,287
المخضرمون,العجاج,44,0,0
المخضرمون,قيس بن الخطيم,44,3267,348
العصر الاموي,الصمة القشيري,44,2856,280
العصر الاموي,الحكم بن عبدل الأسدي,44,2798,298
العصر العباسي,عبد الملك الحارثي,44,2344,237
العصر العباسي,ابن وهيب الحميري,44,2152,235
العصر الايوبي,عبد المنعم الجلياني,43,4979,494
العصر الأندلسي,ابن الحناط,43,2103,221
العصر العباسي,الخباز البلدي,43,1118,126
العصر العباسي,أبو الهندي,43,1846,199
العصر الايوبي,أبو بكر بن مجبر,42,2801,295
العصر الايوبي,ابن لبال الشريشي,41,1233,134
العصر العباسي,أبو سعد المخزومي,41,1371,145
العصر الاموي,يزيد بن الحكم,40,1391,143
العصر العثماني,بهاء الدين العاملي,40,1943,204
المخضرمون,عبد الله بن رواحة,39,1484,154
العصر الأندلسي,أبو بكر بن القوطية,39,2069,232
العصر العباسي,الحسين بن مطير الأسدي,39,2359,232
العصر الجاهلي,عروة بن الورد,38,2357,236
العصر الاموي,وضاح اليمن,38,2550,283
العصر الاموي,محمد بن بشير الخارجي,38,2922,286
العصر المملوكي,أبو إسحاق الإلبيري,38,7092,768
المخضرمون,نهشل بن حري,37,3339,339
المخضرمون,القعقاع بن عمرو,37,1062,114
العصر الاموي,عبيد بن أيوب العنبري,37,2219,227
العصر العثماني,الخفنجي,37,6889,746
العصر العثماني,إبراهيم الأكرمي,37,2848,322
العصر العباسي,أبزون العماني,37,3546,381
العصر الاموي,جران العود النمري,36,3602,374
العصر الاموي,عمر بن لجأ التيمي,36,6950,713
العصر الأندلسي,ابن الابار الخولاني,36,2114,253
العصر الأندلسي,أبو عامر بن مسلمة,36,1592,201
العصر الجاهلي,أحيحة بن الجلاح,35,2606,280
المخضرمون,أبو بكر الصديق,35,3591,395
العصر الاموي,القحيف العقيلي,35,1259,134
العصر الايوبي,ابن زهر الحفيد,35,1910,265
العصر العثماني,محمد فضولي,35,5056,505
العصر العباسي,العماني الراجز,35,282,30
العصر الجاهلي,طرفة بن العبد,34,4102,436
العصر الجاهلي,عمرو بن قميئة,34,2428,266
المخضرمون,سويد اليشكري,34,1554,171
العصر العثماني,أحمد العطار,34,5183,529
العصر العباسي,أبو عطاء السندي,34,1143,119
العصر العباسي,الأمين العباسي,34,1042,116
العصر الجاهلي,المسيب بن علس,33,1851,220
المخضرمون,أرطأة بن سهية,33,1609,161
العصر العباسي,ابن بابك,33,2643,278
المخضرمون,الزبرقان بن بدر,32,854,87
العصر الاموي,مالك بن الريب,32,2079,206
العصر المملوكي,الغزالي,32,5735,587
العصر العباسي,الجاحظ,32,1184,128
المخضرمون,عبد الله بن الزبعرى,31,1714,187
العصر العباسي,أبو الحسين النوري,31,947,96
العصر العباسي,أبو الفرج الأصبهاني,31,1729,185
العصر الجاهلي,حاجز الأزدي,30,1321,149
المخضرمون,أبو ذؤيب الهذلي,30,5280,556
العصر الاموي,عباس بن فرناس,30,1347,135
العصر الاموي,عويف القوافي,30,789,81
العصر العثماني,احمد البهلول,30,2254,214
العصر العثماني,احمد بن شاهين القبرسي,30,1979,204
العصر الأندلسي,مروان الطليق,30,1409,152
العصر المملوكي,أبو البقاء الرندي,30,1727,187
العصر الجاهلي,الشنفرى,29,2349,242
العصر العباسي,أبو الرقعمق,29,4044,491
العصر الجاهلي,علقمة الفحل,28,2060,213
المخضرمون,ضرار الفهري,28,1769,184
المخضرمون,أبو الطمحان القيني,28,1179,119
العصر الاموي,نهار بن توسعة,28,835,85
العصر الاموي,شبيب بن البرصاء,28,1351,135
المخضرمون,متمم اليربوعي,27,2290,226
العصر الاموي,النابغة الشيباني,27,10969,1178
العصر الاموي,المتوكل الليثي,27,4279,469
العصر الجاهلي,الأفوة الأودي,26,1856,197
العصر الجاهلي,صيفي الأسلت,26,1360,150
العصر الاموي,يحيى بن نوفل,26,1174,134
العصر الايوبي,ابن شكيل,26,4567,461
العصر الايوبي,ابن كسرى,26,918,96
العصر العباسي,ربيعة الرقي,26,2515,274
العصر العباسي,أبو بكر الصولي,26,7924,857
العصر الجاهلي,بلعاء بن قيس الكناني,25,630,63
المخضرمون,عمرو بن الأهتم,25,1158,123
العصر الايوبي,ابن رواحة الحموي,25,1773,185
العصر العثماني,ابن رازكه,25,6563,694
العصر الأندلسي,أبو الوليد الحميري,25,1011,118
العصر العباسي,خلف الأحمر,25,2625,306
العصر الجاهلي,زبان بن سيار الفزاري,24,784,80
المخضرمون,عاصم بن عمرو التميمي,24,867,96
المخضرمون,أبو محجن الثقفي,24,1053,108
العصر العباسي,أبو فرعون الساسي,24,1023,121
العصر الجاهلي,الحارث بن ظالم المري,23,1038,111
العصر الجاهلي,ذو الإصبع العدواني,23,1875,210
المخضرمون,ربيعة بن مقروم الضبي,23,1950,215
المخضرمون,قيس بن زهير,23,1128,121
العصر الاسلامي,عروة بن حزام,23,1679,171
العصر الاموي,سراقة البارقي,23,3346,355
العصر الجاهلي,المثقب العبدي,22,1922,214
المخضرمون,خراش الهذلي,22,2067,207
العصر الاسلامي,الأقرع بن معاذ,22,899,86
العصر الاموي,قطري بن الفجاءة,22,1046,103
العصر الاموي,اسماعيل النسائي,22,1844,197
العصر الايوبي,ابن صابر المنجنيقي,21,538,60
العصر العباسي,يحيى بن علي المنجم,21,575,61
العصر العباسي,أبو دلف العجلي,21,525,59
العصر الجاهلي,المرقش الأكبر,20,1770,190
المخضرمون,نافع بن الأسود,20,1231,124
المخضرمون,عمار بن ياسر,20,392,42
العصر الاموي,الصلتان العبدي,20,957,98
العصر الايوبي,ابن المستوفي الإربلي,20,684,72
المخضرمون,هند بنت عتبة,19,612,75
العصر الاموي,سويد بن كراع,19,1697,168
العصر الاموي,جحدر العكلي,19,1273,132
العصر الايوبي,ابن عمرو الأغماتي,19,899,102
العصر المملوكي,الزمخشري,19,909,92
العصر الجاهلي,ابن العجلان النهدي,18,735,91
العصر الجاهلي,الحصين بن حمام الفزاري,18,1295,135
العصر الاموي,عروة بن أذينة,18,742,82
العصر الايوبي,ابن الأردخل,18,657,68
العصر الايوبي,أبو الحسن بن خروف,18,466,52
العصر العباسي,سمنون المحب,18,448,44
العصر الجاهلي,الحارث بن حلزة,17,1616,179
العصر الجاهلي,الجميح الأسدي,17,544,57
العصر الجاهلي,السليك بن السلكة,17,538,57
العصر الجاهلي,قيس بن الحدادية,17,1593,160
المخضرمون,عبدة بن يزيد,17,1310,136
العصر الاسلامي,كعب بن مشهور,17,1377,132
العصر الاموي,عبيدة اليشكري,17,548,56
العصر الاموي,أبو الطفيل القرشي,17,995,101
العصر الأندلسي,ابن حبيش,17,4132,430
العصر الاسلامي,جبيهاء الأشجعي,16,961,99
العصر الاسلامي,فاطمة الزهراء,16,612,66
العصر الاموي,توبة الخفاجي,16,1165,114
العصر العباسي,ابن العلاف,16,1178,127
العصر العباسي,ابن أفلح العبسي,16,719,75
العصر الجاهلي,الخرنق بنت بدر,15,582,65
العصر الجاهلي,السموأل,15,1478,155
المخضرمون,الحادرة,15,796,87
العصر الاموي,المقنع الكندي,15,765,75
العصر العباسي,أبو الأسد الحماني,15,834,86
العصر العباسي,أبو شراعة,15,792,80
العصر الجاهلي,محرز الضبي,14,669,68
العصر الاسلامي,خزيمة بن ثابت الأنصاري,14,614,60
العصر الاموي,زيادة بن زيد العذري,14,1260,123
العصر المملوكي,ابن خلدون,14,3713,398
العصر العباسي,أبو العيناء,14,409,41
العصر الجاهلي,الزفيان,13,1050,131
العصر الجاهلي,مالك بن حريم الهمداني,13,922,99
العصر الاسلامي,السمهري العلكي,13,675,65
العصر الايوبي,أبو المحاسن الشواء,13,315,33
العصر العثماني,خليل البصير,13,917,104
العصر الجاهلي,البراق,12,818,84
العصر الجاهلي,صخر الغي,12,1067,118
العصر الجاهلي,قس بن ساعدة,12,577,63
العصر الاموي,حميدة بنت النعمان بن بشير,12,278,28
العصر الايوبي,ابن الفراش,12,1697,200
العصر العثماني,الحر العاملي,12,2513,247
العصر الأندلسي,عزوز الملزوزي,12,3170,341
العصر المملوكي,الباعونية,12,3700,363
العصر العباسي,الحسن بن أحمد الهمداني,12,5501,656
العصر العباسي,الواساني,12,4233,461
العصر الجاهلي,الحارث بن عباد,11,1586,177
العصر الجاهلي,الربيع بن أبي الحقيق,11,457,48
العصر الجاهلي,بشامة بن الغدير,11,977,106
المخضرمون,عمرو بن براقة,11,616,66
العصر الاسلامي,حبيب الهلالي,11,346,37
العصر الاموي,عمار ذو كبار,11,1050,142
العصر العباسي,سعيد بن جودي,11,871,88
العصر الجاهلي,الأسعر الجعفي,10,608,63
العصر الجاهلي,الربيع بن زياد العبسي,10,533,56
العصر الجاهلي,أم الضحاك المحاربية,10,265,25
المخضرمون,كعب الغنوي,10,942,91
العصر الاسلامي,خالد بن الوليد,10,289,28
العصر الايوبي,ابن الحاجب النحوي,10,391,41
العصر الأندلسي,ولادة بنت المستكفي,10,251,25
العصر المملوكي,عمر الخيام,10,480,49
العصر الجاهلي,الفند الزماني,9,1603,191
العصر الجاهلي,المرقش الأصغر,9,784,81
المخضرمون,الأسود بن قطبة,9,293,33
العصر الايوبي,ابن مسعود القرطبي,9,325,38
العصر الايوبي,أبو حريز الشريف,9,210,22
العصر العثماني,يوسف باخوس,9,1114,116
العصر العباسي,أبو العنبس الصيمري,9,291,35
العصر الجاهلي,سنان المري,8,249,26
العصر الجاهلي,ابن الأطنابة,8,441,57
العصر الجاهلي,الغطمش الضبي,8,295,29
العصر الجاهلي,جساس بن مرة,8,394,46
العصر الاسلامي,المرار بن منقذ,8,961,111
العصر الاسلامي,علي بن الحسين,8,1269,126
العصر الايوبي,ابن الأثير المحدث,8,346,35
العصر الايوبي,ابن الياسمين,8,1191,137
العصر الايوبي,الموفق التلعفري,8,337,39
العصر العباسي,سيف الدولة الحمداني,8,204,23
العصر الجاهلي,أعشى باهلة,7,559,53
العصر الجاهلي,بيهس الفزاري,7,66,8
العصر الاسلامي,عاتكة بنت زيد,7,257,27
العصر الايوبي,ابن جيا,7,696,70
العصر العباسي,أبو المخفف,7,363,48
العصر الجاهلي,الأضبط السعدي,6,174,18
العصر الجاهلي,السفاح التغلبي,6,199,22
العصر الجاهلي,المتنخل,6,1084,119
العصر الجاهلي,بغثر بن لقيط الأسدي,6,166,17
المخضرمون,ابن عنقاء الفزاري,6,242,23
العصر الاسلامي,زياد التميمي,6,250,26
العصر الاموي,ليلى العامرية,6,129,13
العصر العثماني,محمد اليدالي الديماني,6,2186,225
العصر العثماني,زينب الشهارية,6,312,34
العصر العباسي,أبان الالحقي,6,652,84
العصر العباسي,أبو المعافى المزني,6,126,13
العصر الجاهلي,قبيصة بن النصراني,5,185,19
العصر الجاهلي,ابن فكهة,5,308,35
العصر الجاهلي,أبو سلمى ربيعة المزني,5,68,8
العصر الجاهلي,أبو قلابة الهذلي,5,369,39
العصر الجاهلي,أبو قيس بن رفاعة,5,288,30
العصر الجاهلي,الحارث بن عمرو الفزاري,5,80,8
العصر الجاهلي,المشؤوم,5,295,31
المخضرمون,ضابئ البرجمي,5,613,60
العصر الاسلامي,الزبير بن العوام,5,162,18
العصر الايوبي,أبن أرفع رأس,5,543,50
العصر الايوبي,ابن حموية,5,112,12
العصر الايوبي,ابن مجاور,5,148,15
العصر الايوبي,ابن نوفل الحلبي,5,181,20
العصر العثماني,عامر الأنبوطي,5,297,31
العصر العباسي,يموت بن المزرع,5,237,26
العصر الجاهلي,أبو المثلم الهذلي,4,467,45
العصر الجاهلي,الأعسر الضبي,4,620,75
العصر الجاهلي,المنخل اليشكري,4,176,23
العصر الجاهلي,أم موسى الكلابية,4,161,15
المخضرمون,الطفيل الدوسي,4,115,12
المخضرمون,أكثم بن صيفي,4,89,10
العصر الاسلامي,المحرق المزني,4,78,7
العصر الاموي,شظاظ الضبي,4,337,35
العصر الايوبي,ابن أبي حفص,4,71,11
العصر الايوبي,ابن البراق,4,197,19
العصر الايوبي,ابن البرون الصقلي,4,169,21
العصر الايوبي,ابن جرج الذهبي,4,133,15
العصر الايوبي,ابن حزمون,4,118,13
العصر الايوبي,ابن دهن الحصي,4,100,11
العصر الايوبي,ابن سعد البلنسي,4,154,16
العصر الايوبي,ابن عطاء الله المصري,4,176,23
العصر الايوبي,ابن نفادة,4,117,13
العصر العثماني,سعيد بن أحمد البوسعيدي,4,202,21
العصر العباسي,ابن زريق البغدادي,4,821,85
العصر الجاهلي,لقيط بن يعمر الإيادي,3,682,65
العصر الجاهلي,ابن المضلَّل,3,235,26
العصر الجاهلي,ابن ثور العامري,3,400,42
العصر الجاهلي,أبو الحكيم المري,3,371,39
العصر الجاهلي,أبو اللحام التغلبي,3,270,29
العصر الجاهلي,أفنون,3,215,19
العصر الجاهلي,الأسود التغلبي,3,103,11
العصر الجاهلي,الخنساء بنت التيجان,3,116,12
العصر الجاهلي,الدحداحة الفقيمية,3,49,6
العصر الجاهلي,الممزق العبدي,3,434,42
العصر الجاهلي,أم النحيف,3,62,6
العصر الجاهلي,جحيش الهمداني,3,81,10
العصر الجاهلي,عبد المسيح بن عسلة,3,182,20
المخضرمون,ضباعة بنت عامر القشيرية,3,62,7
العصر الاسلامي,حكيم بن جبلة,3,34,5
العصر الاسلامي,عقبة بن النعمان العتكي,3,140,15
العصر الايوبي,ابن أبي عيسى,3,97,10
العصر الايوبي,ابن النطروني,3,180,18
العصر الايوبي,ابن بشري الصقلي,3,98,11
العصر الايوبي,ابن طفيل,3,216,21
العصر الايوبي,ابن عياش التجيبي,3,59,6
العصر الايوبي,ابن مواهب,3,103,11
العصر الجاهلي,ابن أم حزنة,2,283,30
العصر الجاهلي,أبو الذيال اليهودي,2,196,21
العصر الجاهلي,أبو الفضل الكناني,2,417,39
العصر الجاهلي,أبو القرين الفزاري,2,0,0
العصر الجاهلي,ابو دُاود الإيادي,2,497,55
العصر الجاهلي,أعصر بن سعد,2,28,3
العصر الجاهلي,الأحبش التميمي,2,23,3
العصر الجاهلي,الأحمر بن جندل,2,23,3
العصر الجاهلي,الأخضر الفزاري,2,21,2
العصر الجاهلي,الأسفع الأرحبي,2,191,19
العصر الجاهلي,الأشتر الحمامي,2,23,3
العصر الجاهلي,البُرجُمي,2,233,25
العصر الجاهلي,الجراح الهمداني,2,49,5
العصر الجاهلي,الحارث المذحجي,2,184,19
العصر الجاهلي,الحارث بن الحصين,2,45,4
العصر الجاهلي,الحارث بن زهير,2,18,2
العصر الجاهلي,الحارث بن صريم الوادعي,2,133,13
العصر الجاهلي,الدهنا بنت مسحل,2,40,5
العصر الجاهلي,الراعي الهمداني,2,35,4
العصر الجاهلي,العقار بن سليل,2,96,9
العصر الجاهلي,الفارعة بنت معاوية,2,100,11
العصر الجاهلي,الكلحبة العرني,2,113,12
العصر الجاهلي,المثلم المري,2,95,10
العصر الجاهلي,المثلم بن قرط البلوي,2,82,8
العصر الجاهلي,المسجاح الضبي,2,45,5
العصر الجاهلي,المعان بن روق,2,66,7
العصر الجاهلي,الهبل بن عامر,2,49,5
العصر الجاهلي,الهذيل الأكبر التغلبي,2,65,6
العصر الجاهلي,الهيبان الفهمي,2,38,4
العصر الجاهلي,الهيفاء بنت صبيح القضاعية,2,83,8
العصر الجاهلي,آمنة بنت وهب,2,94,10
العصر الجاهلي,بشر بن عمرو,2,201,21
العصر الجاهلي,بكر الجرهمي,2,46,5
العصر الجاهلي,جبار الفزاري,2,41,4
العصر الجاهلي,جبلة بن الحارث,2,232,23
العصر الجاهلي,جحدر الوائلي,2,59,6
العصر الجاهلي,دويد القضاعي,2,0,0
العصر الجاهلي,عبد يغوث الحارثي,2,223,22
العصر الجاهلي,معقر بن حمار البارقي,2,493,54
العصر الاسلامي,منظور الأسدي,2,181,26
العصر الاسلامي,عائشة بنت أبي بكر,2,45,6
العصر الاموي,أبو الأخيل العجلي,2,171,16
العصر الاموي,أبو صخر الهذلي,2,237,22
العصر الايوبي,ابن إدريس التجيبي,2,186,20
العصر الايوبي,ابن سالم الهمداني,2,263,23
العصر الايوبي,ابن مطروح البلنسي,2,32,3
العصر الايوبي,ابن منجا الدمشقي,2,161,22
العصر الايوبي,ابن نجيب الهاشمي,2,141,14
العصر الايوبي,أبو جعفر الملاحي,2,37,4
العصر العثماني,بنت الشحنة,2,116,11
العصر الأندلسي,ابن السراج المالقي,2,148,15
العصر العباسي,الأصمعي,2,195,29
العصر الجاهلي,ابن شعواء الفزاري,1,11,1
العصر الجاهلي,ابن عليق الطائي,1,328,33
العصر الجاهلي,ابن الرعلاء,1,51,7
العصر الجاهلي,ابن جوين الطائي,1,234,32
العصر الجاهلي,ابن زرعة الباهلي,1,202,21
العصر الجاهلي,ابن عمرو الكندي,1,330,34
العصر الجاهلي,ابن كلاب العقيلي,1,27,3
العصر الجاهلي,ابن مالك الحميري,1,78,10
العصر الجاهلي,ابنة أبي الجدعاء,1,83,8
العصر الجاهلي,ابنة حكيم بن عمرو العبدية,1,41,4
العصر الجاهلي,أبو أجأ التغلبي,1,0,0
العصر الجاهلي,أبو أذينه,1,151,14
العصر الجاهلي,أبو بثينه الهذلي,1,56,6
العصر الجاهلي,أبو حسان الفزاري,1,9,1
العصر الجاهلي,أبو حمضة اليهودي,1,31,4
العصر الجاهلي,أبو حنش التغلبي,1,24,3
العصر الجاهلي,أبو حية الفزاري,1,16,2
العصر الجاهلي,أبو زيد الأرحبي,1,0,0
العصر الجاهلي,أبو عدي النمري,1,363,36
العصر الجاهلي,أبو عفك,1,34,4
العصر الجاهلي,أبو قردودة الطائي,1,248,31
العصر الجاهلي,أبو نويرة التغلبي,1,0,0
العصر الجاهلي,أخت الأسود بن غفار,1,34,3
العصر الجاهلي,أربد الذبياني,1,36,4
العصر الجاهلي,أربد بن ضابئ,1,29,3
العصر الجاهلي,أرطأة الفزاري,1,19,2
العصر الجاهلي,أروى بنت الحباب,1,26,3
العصر الجاهلي,أزبر بن غزي,1,24,2
العصر الجاهلي,أسماء التغلبية,1,258,29
العصر الجاهلي,أسماء المرية,1,91,9
العصر الجاهلي,الأخنس التغلبي,1,259,26
العصر الجاهلي,الأدير الكلبي,1,31,3
العصر الجاهلي,الأسلوم اليامي,1,29,3
العصر الجاهلي,الأشعث الجاشي,1,30,3
العصر الجاهلي,الأشعث بن عابس,1,41,4
العصر الجاهلي,الأعرج المري,1,50,5
العصر الجاهلي,الأعور بن عمرو الازدي,1,21,2
العصر الجاهلي,البسوس بنت منقذ التميمية,1,80,7
العصر الجاهلي,الجحاف الفزاري,1,0,0
العصر الجاهلي,الجندل الفزاري,1,23,2
العصر الجاهلي,الجوزاء بنت عروة البصرية,1,82,9
العصر الجاهلي,الجيداء بنت زاهر الزبيدية,1,73,7
العصر الجاهلي,الحارث الجرمي,1,112,11
العصر الجاهلي,الحارث الحضرمي,1,305,29
العصر الجاهلي,الحكم الفزاري,1,32,3
العصر الجاهلي,الحسل الهمداني,1,39,5
العصر الجاهلي,الحارث بن مر,1,9,1
العصر الجاهلي,الحشاش الأصغر,1,30,3
العصر الجاهلي,الخنساء بنت زهير,1,29,3
العصر الجاهلي,الدعجاء بنت وهب,1,363,34
العصر الجاهلي,الراشاء بن نهار,1,11,1
العصر الجاهلي,الراعي المري,1,58,6
العصر الجاهلي,الربيع بن زياد الكلبي,1,10,1
العصر الجاهلي,الربيع بن عقيل,1,47,5
العصر الجاهلي,السلكة أم السليك,1,76,12
العصر الجاهلي,العجلان بن خليد,1,32,3
العصر الجاهلي,العنبر الخضم,1,15,2
العصر الجاهلي,العوراء الذبيانية,1,23,3
العصر الجاهلي,العوراء اليربوعية,1,60,7
العصر الجاهلي,القعقاع بن شبث اليهودي,1,20,2
العصر الجاهلي,الكذاب الطابخي,1,20,2
العصر الجاهلي,الكذاب الكلبي,1,15,2
العصر الجاهلي,المثلم الفزاري,1,31,3
العصر الجاهلي,المثلم بن عمرو التنوخي,1,47,5
العصر الجاهلي,المحيا الهمداني,1,8,1
العصر الجاهلي,المرار الكلبي,1,34,3
العصر الجاهلي,المفضل النكري,1,331,39
العصر الجاهلي,النابغة التغلبي,1,27,3
العصر الجاهلي,النابغة الحارثي,1,99,11
العصر الجاهلي,النابغة الغنوي,1,20,2
العصر الجاهلي,النوار الجل,1,10,1
العصر الجاهلي,الهجرس التغلبي,1,31,3
العصر الجاهلي,الهدم بن امرئ القيس,1,69,6
العصر الجاهلي,الهذلول بن كعب,1,74,8
العصر الجاهلي,الهذيل بن أم عفاش,1,9,1
العصر الجاهلي,الوقي الهمداني,1,23,3
العصر الجاهلي,أم أبي جدابة,1,107,12
العصر الجاهلي,أم الأغر بنت ربيعة التغلبية,1,50,6
العصر الجاهلي,امرؤ القيس الزهيري,1,19,2
العصر الجاهلي,امرؤ القيس السكوني,1,426,44
العصر الجاهلي,امرؤ القيس الكلبي,1,60,6
العصر الجاهلي,آمنة بنت عتيبة,1,26,3
العصر الجاهلي,أميمة بنت أمية,1,127,17
العصر الجاهلي,أميمة بنت عبد المطلب,1,69,6
العصر الجاهلي,أميمة بنت عبد شمس,1,135,18
العصر الجاهلي,أوس الهجيمي,1,191,21
العصر الجاهلي,أوس بن حارثة,1,31,3
العصر الجاهلي,أوس العبدي,1,60,6
العصر الجاهلي,بداء بن سليمان,1,26,3
العصر الجاهلي,بدر الفزاري,1,67,6
العصر الجاهلي,برة بنت عبد المطلب,1,52,6
العصر الجاهلي,بسام بن شريح,1,11,1
العصر الجاهلي,بشر الفزاري,1,136,13
العصر الجاهلي,بشير بن النكث,1,40,5
العصر الجاهلي,بيهس الغطفاني,1,305,34
العصر الجاهلي,تماضر بنت الشريد,1,88,10
العصر الجاهلي,تنها بنت قرط العبدية,1,51,7
العصر الجاهلي,ثعلبة المازني,1,239,26
العصر الجاهلي,ثعلبة بن بكر الأزدي,1,63,7
العصر الجاهلي,ثعلبة بن عامر,1,28,3
العصر الجاهلي,جابر المرني,1,10,1
العصر الجاهلي,جابر المري,1,8,1
العصر الجاهلي,جبار بن قرط,1,25,3
العصر الجاهلي,جبر المعاوي,1,264,26
العصر الجاهلي,ذؤيب بن كعب,1,92,11
العصر الجاهلي,شمر الحنفي,1,48,5
العصر الجاهلي,دوسر بن هذيل,1,125,11
المخضرمون,أسماء الفزاري,1,317,36
المخضرمون,فارعة المرية,1,226,22
المخضرمون,إياس الطائي,1,38,4
العصر الاسلامي,بنت لبيد بن ربيعة العامري,1,45,5
العصر الاموي,يعلى الأحول الأزدي,1,166,17
العصر الايوبي,أبن أبي اليسر,1,213,20
العصر الايوبي,ابن المتفننة,1,1572,176
العصر الايوبي,ابن حربون,1,145,14
العصر الايوبي,ابن راشد الحمامي,1,228,23
العصر الايوبي,عبد المجيد الأزدي,1,74,7
العصر الايوبي,ابن مسعود الخشني,1,68,9
العصر المملوكي,ابن تيمية,1,1288,124
العصر العباسي,ابن حيون,1,21413,2367
العصر العباسي,أبو الحسين الصوفي,1,4027,494
العصر العباسي,عبد الصمد بن المعذل,1,10,1
العصر العباسي,أبو علكم المراني,1,124,13
