tag,occurrences
عموديه,74003
قصائد قصيره,27170
بحر الطويل,18982
قصائد عامه,15526
قافية الراء (ر),10551
بحر الكامل,9745
بحر البسيط,9435
قافية اللام (ل),7641
قافية الياء (ي),7473
قافية الباء (ب),7005
قصائد مدح,6995
قافية الميم (م),6777
قافية الدال (د),6499
بحر الوافر,6410
قصائد رومنسيه,6211
قافية النون (ن),5532
بحر الخفيف,5259
بحر السريع,4389
قصائد هجاء,3804
بحر المتقارب,3302
قافية القاف (ق),3151
قافية العين (ع),2801
قصائد حزينه,2739
بحر الرجز,2580
قصائد عتاب,2547
بحر مجزوء الكامل,2332
بحر المنسرح,2142
قصائد رثاء,2141
قافية الفاء (ف),1989
قافية الحاء (ح),1898
قافية السين (س),1833
قصائد غزل,1727
قافية التاء (ت),1609
قافية الألف (ا),1500
قافية الكاف (ك),1457
قصائد دينية,1437
بحر الرمل,1359
بحر مجزوء الرمل,1256
قصائد شوق,1106
قافية الهمزة (ء),1085
بحر المجتث,939
بحر مخلع البسيط,935
بحر مجزوء الرجز,893
قافية الجيم (ج),857
قصائد فراق,801
قافية الضاد (ض),735
قصائد حكمة,597
بحر أحذ الكامل,595
بحر موشح,524
قصائد ذم,512
بحر الهزج,445
بحر مجزوء الخفيف,420
قافية الواو (و),418
قافية الطاء (ط),417
بحر المديد,391
قافية الهاء (ه),378
بحر مجزوء الوافر,353
قافية الزاى (ز),332
قافية الصاد (ص),312
بحر الدوبيت,303
قافية الشين (ش),285
قصائد نصيحة,269
قافية التاء المربوطة (ة),267
قافية الثاء (ث),258
بحر المواليا,207
بحر مجزوء البسيط,181
قافية ياء همزة (ئ),173
قافية الذال (ذ),172
قصائد وطنيه,171
قافية الغين (غ),143
قافية الخاء (خ),141
قافية الظاء (ظ),116
قصائد صبر,68
قصائد ابتهال,64
بحر مجزوء المتقارب,55
بحر مشطور الرجز,52
قافية واو همزة (ؤ),47
بحر المتدارك,42
قافية (لا),38
قصائد الاناشيد,26
بحر مجزوء موشح,22
قافية ألف الهمزة (أ),21
قصائد رحمة,18
قصائد جود وكرم,16
بحر منهوك المنسرح,16
بحر مجزوء الطويل,15
بحر مجزوء الدوبيت,13
بحر المضارع,12
بحر المقتضب,12
قافية الياء (ى),11
قصائد المعلقات,10
بحر مجزوء السريع,9
قصائد سياسية,8
بحر منهوك الرجز,7
قصائد اعتذار,6
بحر مربع الرجز,6
قافية (الراء),5
نثريه,5
بحر مخلع الكامل,5
قافية (الياء),4
بحر مجزوء المجتث,4
قافية (الميم),3
قافية (الدال),3
قصائد عدل,3
بحر السلسلة,3
قافية الألف (إ),3
بحر مخلع الرمل,3
قافية (الالف),2
قافية (اللام),2
قافية (القاف),2
بحر مجزوء المديد,2
بحر مخلع موشح,2
بحر مجزوء الهزج,2
بحر منهوك البسيط,2
بحر مجزوء المتدارك,2
قافية (النون),1
قافية (الفاء),1
قافية (العين),1
قافية (الحاء),1
قافية (لام مكسورة),1
بحر مجزوء المنسرح,1
بحر القوما,1
بحر مجزوء المواليا,1
قافية (#),1
بحر منهوك الكامل,1
بحر تفعيلة الكامل,1
التفعيله,1
بحر مخلع السريع,1
بحر أحذ الوافر,1
بحر مخلع الرجز,1
بحر مشطور الطويل,1
بحر مشطور السريع,1
قافية  الحاء (ح),1
